ACCESSION_NUMBER,HOLDING_ID,ISSUER_NAME,ISSUER_LEI,ISSUER_TITLE,ISSUER_CUSIP,BALANCE,UNIT,OTHER_UNIT_DESC,CURRENCY_CODE,CURRENCY_VALUE,EXCHANGE_RATE,PERCENTAGE,PAYOFF_PROFILE,ASSET_CAT,OTHER_ASSET,ISSUER_TYPE,OTHER_ISSUER,INVESTMENT_COUNTRY,IS_RESTRICTED_SECURITY,FAIR_VALUE_LEVEL,DERIVATIVE_CAT
0001752724-25-204872,152729515,Capital One Financial Corp,ZUE8T73ROZOF6FLBAR73,Capital One Financial Corp,14040H105,312934,NS,,USD,66579837.84,,0.25615859793,Long,EC,,CORP,,US,N,1,
0001752724-25-204872,152729565,Accenture PLC,5493000EWHDSR3MZWH98,Accenture plc,G1151C101,307265,NS,,USD,91838435.85,,0.353338273667,Long,EC,,CORP,,US,N,1,
0001752724-25-204872,152729741,Intercontinental Exchange Inc,5493000F4ZO33MV32P92,"Intercontinental Exchange, Inc",45866F104,282254,NS,,USD,51785141.38,,0.199237631689,Long,EC,,CORP,,US,N,1,
0001752724-25-204872,152729449,MetLife Inc,C4BXATY60WC6XEOZDX54,"Metlife, Inc",59156R108,283251,NS,,USD,22779045.42,,0.08763987006,Long,EC,,CORP,,US,N,1,
0001752724-25-204872,152729502,Veralto Corp,635400FJE6GSOJUSNY27,Veralto Corp,92338C103,121002,NS,,USD,12215151.9,,0.046996452465,Long,EC,,CORP,,US,N,1,
0001752724-25-204872,152729680,Willis Towers Watson PLC,549300WHC56FF48KL350,Willis Towers Watson plc,G96629103,49030,NS,,USD,15027695,,0.057817402478,Long,EC,,CORP,,US,N,1,
0001752724-25-204872,152729823,Visa Inc,549300JZ4OKEHW3DPJ59,"Visa, Inc (Class A)",92826C839,842718,NS,,USD,299207025.9,,1.151166099707,Long,EC,,CORP,,US,N,1,
0001752724-25-204872,152729977,Sempra,PBBKGKLRK5S5C0Y4T545,Sempra Energy,816851109,321145,NS,,USD,24333156.65,,0.093619141963,Long,EC,,CORP,,US,N,1,
0001752724-25-204872,152729434,Comcast Corp,51M0QTTNCGUN7KFCFZ59,Comcast Corp (Class A),20030N101,1852771,NS,,USD,66125396.99,,0.254410186778,Long,EC,,CORP,,US,N,1,
0001752724-25-204872,152729610,EQT Corp,4NT01YGM4X7ZX86ISY52,EQT Corp,26884L109,291945,NS,,USD,17026232.4,,0.065506555154,Long,EC,,CORP,,US,N,1,
0001752724-25-204872,152729791,Regions Financial Corp,CW05CS5KW59QTC0DG824,Regions Financial Corp,7591EP100,443439,NS,,USD,10429685.28,,0.040127066163,Long,EC,,CORP,,US,N,1,
0001752724-25-204872,152729589,Amgen Inc,62QBXGPJ34PQ72Z12S66,"Amgen, Inc",031162100,263898,NS,,USD,73682960.58,,0.283487080861,Long,EC,,CORP,,US,N,1,
0001752724-25-204872,152729641,Federal Home Loan Bank Discount Notes,2549001DPIFGXC1TOL40,Federal Home Loan Bank Discount Notes,313385LA2,10000000,PA,,USD,9929666.7,,0.038203299712,Long,STIV,,USGSE,,US,N,2,
0001752724-25-204872,152729859,Cardinal Health Inc,CCU46N3GJMF4OK4N7U60,"Cardinal Health, Inc",14149Y108,118195,NS,,USD,19856760,,0.076396698551,Long,EC,,CORP,,US,N,1,
0001752724-25-204872,152729886,Johnson & Johnson,549300G0CFPGEF6X2043,Johnson & Johnson,478160104,1182733,NS,,USD,180662465.75,,0.695078952225,Long,EC,,CORP,,US,N,1,
0001752724-25-204872,152729576,DaVita Inc,M2XHYMU3TZNEZURC6H66,"DaVita, Inc",23918K108,21529,NS,,USD,3066806.05,,0.011799198727,Long,EC,,CORP,,US,N,1,
0001752724-25-204872,152729684,Linde PLC,5299003QR1WT0EF88V51,Linde plc,G54950103,231864,NS,,USD,108785951.52,,0.418541974866,Long,EC,,CORP,,US,N,1,
0001752724-25-204872,152729415,Ingersoll Rand Inc,5299004C02FMZCUOIR50,"Ingersoll Rand, Inc",45687V106,197122,NS,,USD,16396607.96,,0.063084144421,Long,EC,,CORP,,US,N,1,
0001752724-25-204872,152729601,Edwards Lifesciences Corp,YA13X31F3V31L8TMPR58,Edwards Lifesciences Corp,28176E108,289740,NS,,USD,22660565.4,,0.087184031224,Long,EC,,CORP,,US,N,1,
0001752724-25-204872,152729667,TKO Group Holdings Inc,,"TKO Group Holdings, Inc",87256C101,32161,NS,,USD,5851693.95,,0.022513748401,Long,EC,,CORP,,US,N,1,
0001752724-25-204872,152729759,Electronic Arts Inc,549300O7A67PUEYKDL45,"Electronic Arts, Inc",285512109,115784,NS,,USD,18490704.8,,0.071140951524,Long,EC,,CORP,,US,N,1,
0001752724-25-204872,152730009,Workday Inc,549300J0DYC0N31V7G13,"Workday, Inc",98138H101,104706,NS,,USD,25129440,,0.096682754509,Long,EC,,CORP,,US,N,1,
0001752724-25-204872,152729455,Walgreens Boots Alliance Inc,549300RPTUOIXG4LIH86,"Walgreens Boots Alliance, Inc",931427108,352487,NS,,USD,4046550.76,,0.015568658662,Long,EC,,CORP,,US,N,1,
0001752724-25-204872,152729805,Generac Holdings Inc,529900S2H2AHJHSFFI84,"Generac Holdings, Inc",368736104,29168,NS,,USD,4177149.28,,0.016071122093,Long,EC,,CORP,,US,N,1,
0001752724-25-204872,152729456,Federal Realty Investment Trust,549300FHEI1SLVZ0RB48,Federal Realty Investment Trust,313745101,37730,NS,,USD,3583972.7,,0.01378894049,Long,EC,,CORP,,US,N,1,
0001752724-25-204872,152729785,VeriSign Inc,LMPL4N8ZOJRMF0KOF759,"VeriSign, Inc",92343E102,39807,NS,,USD,11496261.6,,0.044230601161,Long,EC,,CORP,,US,N,1,
0001752724-25-204872,152729999,Delta Air Lines Inc,Q2CCMS6R0AS67HJMBN42,"Delta Air Lines, Inc",247361702,313936,NS,,USD,15439372.48,,0.05940128627,Long,EC,,CORP,,US,N,1,
0001752724-25-204872,152730014,3M Co,LUZQVYP4VS22CLWDAR65,3M Co,88579Y101,266699,NS,,USD,40602255.76,,0.156212710119,Long,EC,,CORP,,US,N,1,
0001752724-25-204872,152729670,Assurant Inc,H3F39CAXWQRVWURFXL38,"Assurant, Inc",04621X108,25095,NS,,USD,4956011.55,,0.019067708951,Long,EC,,CORP,,US,N,1,
0001752724-25-204872,152729752,Eastman Chemical Co,FDPVHDGJ1IQZFK9KH630,Eastman Chemical Co,277432100,54856,NS,,USD,4095548.96,,0.015757173843,Long,EC,,CORP,,US,N,1,
0001752724-25-204872,152729780,Equinix Inc,549300EVUN2BTLJ3GT74,"Equinix, Inc",29444U700,47623,NS,,USD,37882667.81,,0.145749394815,Long,EC,,CORP,,US,N,1,
0001752724-25-204872,152729419,PNC Financial Services Group Inc/The,CFGNEKW0P8842LEUIA51,"PNC Financial Services Group, Inc",693475105,194503,NS,,USD,36259249.26,,0.139503470626,Long,EC,,CORP,,US,N,1,
0001752724-25-204872,152729659,WW Grainger Inc,549300TWZSP6O1IH2V34,"W.W. Grainger, Inc",384802104,21530,NS,,USD,22396367.2,,0.086167557729,Long,EC,,CORP,,US,N,1,
0001752724-25-204872,152729765,Cummins Inc,ZUNI8PYC725B6H8JU438,"Cummins, Inc",231021106,67266,NS,,USD,22029615,,0.084756519006,Long,EC,,CORP,,US,N,1,
0001752724-25-204872,152729598,L3Harris Technologies Inc,549300UTE50ZMDBG8A20,"L3Harris Technologies, Inc",502431109,92139,NS,,USD,23112146.76,,0.088921440803,Long,EC,,CORP,,US,N,1,
0001752724-25-204872,152729847,Becton Dickinson & Co,ICE2EP6D98PQUILVRZ91,Becton Dickinson & Co,075887109,140491,NS,,USD,24199574.75,,0.093105200306,Long,EC,,CORP,,US,N,1,
0001752724-25-204872,152729637,GoDaddy Inc,549300J8H1TB0I2CB447,"GoDaddy, Inc",380237107,69090,NS,,USD,12440345.4,,0.04786285967,Long,EC,,CORP,,US,N,1,
0001752724-25-204872,152729730,Kimberly-Clark Corp,MP3J6QPYPGN75NVW2S34,Kimberly-Clark Corp,494368103,168027,NS,,USD,21662040.84,,0.083342317883,Long,EC,,CORP,,US,N,1,
0001752724-25-204872,152729799,Exelon Corp,3SOUA6IRML7435B56G12,Exelon Corp,30161N101,493815,NS,,USD,21441447.3,,0.082493608517,Long,EC,,CORP,,US,N,1,
0001752724-25-204872,152729524,Automatic Data Processing Inc,HGBOLILQXWER4SAL2I23,"Automatic Data Processing, Inc",053015103,199874,NS,,USD,61641141.6,,0.237157507728,Long,EC,,CORP,,US,N,1,
0001752724-25-204872,152729696,Teradyne Inc,C3X4YJ278QNZHRJULN75,"Teradyne, Inc",880770102,79687,NS,,USD,7165455.04,,0.027568299595,Long,EC,,CORP,,US,N,1,
0001752724-25-204872,152729481,Schlumberger NV,213800ZUA17OK3QLGM62,Schlumberger Ltd,806857108,685397,NS,,USD,23166418.6,,0.089130245734,Long,EC,,CORP,,US,N,1,
0001752724-25-204872,152729499,Tyson Foods Inc,WD6L6041MNRW1JE49D58,"Tyson Foods, Inc (Class A)",902494103,140020,NS,,USD,7832718.8,,0.030135523469,Long,EC,,CORP,,US,N,1,
0001752724-25-204872,152729568,American Electric Power Co Inc,1B4S6S7G0TW5EE83BO58,"American Electric Power Co, Inc",025537101,260892,NS,,USD,27070153.92,,0.10414943771,Long,EC,,CORP,,US,N,1,
0001752724-25-204872,152729572,Centene Corp,549300Z7JJ4TQSQGT333,Centene Corp,15135B101,244828,NS,,USD,13289263.84,,0.051128979931,Long,EC,,CORP,,US,N,1,
0001752724-25-204872,152729914,United States Treasury Bill,254900HROIFWPRGM1V77,United States Treasury Bill,912797QA8,25000000,PA,,USD,24959628.5,,0.096029423453,Long,STIV,,UST,,US,N,2,
0001752724-25-204872,152729884,Seagate Technology Holdings PLC,635400RUXIFEZSRU8X70,Seagate Technology Holdings plc,G7997R103,103584,NS,,USD,14950278.72,,0.057519551861,Long,EC,,CORP,,US,N,1,
0001752724-25-204872,152729563,Netflix Inc,549300Y7VHGU0I7CE873,"Netflix, Inc",64110L106,210134,NS,,USD,281396743.42,,1.082642998167,Long,EC,,CORP,,US,N,1,
0001752724-25-204872,152729616,Tapestry Inc,549300LJNVY5SW3VTN33,"Tapestry, Inc",876030107,101288,NS,,USD,8894099.28,,0.034219068044,Long,EC,,CORP,,US,N,1,
0001752724-25-204872,152729558,Lowe's Cos Inc,WAFCR4OKGSC504WU3E95,"Lowe's Cos, Inc",548661107,276272,NS,,USD,61296468.64,,0.235831416451,Long,EC,,CORP,,US,N,1,
0001752724-25-204872,152729631,Truist Financial Corp,549300DRQQI75D2JP341,Truist Financial Corp,89832Q109,643863,NS,,USD,27679670.37,,0.106494485165,Long,EC,,CORP,,US,N,1,
0001752724-25-204872,152729683,AT&T Inc,549300Z40J86GGSTL398,"AT&T, Inc",00206R102,3526256,NS,,USD,102049848.64,,0.39262556045,Long,EC,,CORP,,US,N,1,
0001752724-25-204872,152730016,Fiserv Inc,GI7UBEJLXYLGR2C7GV83,"Fiserv, Inc",337738108,272949,NS,,USD,47059137.09,,0.181054850355,Long,EC,,CORP,,US,N,1,
0001752724-25-204872,152729469,Alliant Energy Corp,5493009ML300G373MZ12,Alliant Energy Corp,018802108,125547,NS,,USD,7591827.09,,0.029208719128,Long,EC,,CORP,,US,N,1,
0001752724-25-204872,152729710,F5 Inc,54930015FPK9KT966303,"F5 Networks, Inc",315616102,28208,NS,,USD,8302178.56,,0.031941718224,Long,EC,,CORP,,US,N,1,
0001752724-25-204872,152729920,Kellanova,LONOZNOJYIBXOHXWDB86,Kellogg Co,487836108,132320,NS,,USD,10523409.6,,0.040487660169,Long,EC,,CORP,,US,N,1,
0001752724-25-204872,152729500,NRG Energy Inc,5E2UPK5SW04M13XY7I38,"NRG Energy, Inc",629377508,99112,NS,,USD,15915404.96,,0.061232768842,Long,EC,,CORP,,US,N,1,
0001752724-25-204872,152729717,Wynn Resorts Ltd,254900CEKKWIHTEAB172,Wynn Resorts Ltd,983134107,43827,NS,,USD,4105275.09,,0.015794594058,Long,EC,,CORP,,US,N,1,
0001752724-25-204872,152729809,Parker-Hannifin Corp,5493002CONDB4N2HKI23,Parker-Hannifin Corp,701094104,63003,NS,,USD,44005705.41,,0.169307108044,Long,EC,,CORP,,US,N,1,
0001752724-25-204872,152729926,Allegion plc,984500560CAC2E6FB757,Allegion plc,G0176J109,42794,NS,,USD,6167471.28,,0.023728666922,Long,EC,,CORP,,US,N,1,
0001752724-25-204872,152729519,KKR & Co Inc,54930013V5I303TF9571,"KKR & Co, Inc",48251W104,331620,NS,,USD,44115408.6,,0.169729178993,Long,EC,,CORP,,US,N,1,
0001752724-25-204872,152729768,EOG Resources Inc,XWTZDRYZPBUHIQBKDB46,"EOG Resources, Inc",26875P101,268969,NS,,USD,32171382.09,,0.123775851624,Long,EC,,CORP,,US,N,1,
0001752724-25-204872,152729777,Albemarle Corp,HDBLS2Q6GV1LSKQPBS54,Albemarle Corp,012653101,56068,NS,,USD,3513781.56,,0.013518887805,Long,EC,,CORP,,US,N,1,
0001752724-25-204872,152729537,Newmont Corp,549300VSP3RIX7FGDZ51,Newmont Goldcorp Corp,651639106,557023,NS,,USD,32452159.98,,0.124856113652,Long,EC,,CORP,,US,N,1,
0001752724-25-204872,152729594,Expeditors International of Washington Inc,984500B055A804AB6E40,"Expeditors International Washington, Inc",302130109,68488,NS,,USD,7824754,,0.030104879777,Long,EC,,CORP,,US,N,1,
0001752724-25-204872,152729646,PPG Industries Inc,549300BKPEP01R3V6C59,"PPG Industries, Inc",693506107,113513,NS,,USD,12912103.75,,0.049677897997,Long,EC,,CORP,,US,N,1,
0001752724-25-204872,152729760,Crown Castle Inc,54930012H97VSM0I2R19,"Crown Castle, Inc",22822V101,213572,NS,,USD,21940251.56,,0.084412703007,Long,EC,,CORP,,US,N,1,
0001752724-25-204872,152729796,Conagra Brands Inc,54930035UDEIH090K650,"ConAgra Brands, Inc",205887102,237364,NS,,USD,4858841.08,,0.018693856263,Long,EC,,CORP,,US,N,1,
0001752724-25-204872,152729877,LyondellBasell Industries NV,BN6WCCZ8OVP3ITUUVN49,LyondellBasell Industries NV,N53745100,126824,NS,,USD,7338036.64,,0.028232288305,Long,EC,,CORP,,US,N,1,
0001752724-25-204872,152729590,Broadcom Inc,549300WV6GIDOZJTV909,"Broadcom, Inc",11135F101,2315849,NS,,USD,638363776.85,,2.456034369448,Long,EC,,CORP,,US,N,1,
0001752724-25-204872,152729900,Deere & Co,PWFTNG3EI0Y73OXWDH08,Deere & Co,244199105,124426,NS,,USD,63269376.74,,0.243421963216,Long,EC,,CORP,,US,N,1,
0001752724-25-204872,152729580,Lennox International Inc,S7DWAC87RDMPBF77GJ92,"Lennox International, Inc",526107107,15668,NS,,USD,8981524.32,,0.034555426263,Long,EC,,CORP,,US,N,1,
0001752724-25-204872,152729720,IDEX Corp,549300U5Y5EL6PHYLF13,IDEX Corp,45167R104,37050,NS,,USD,6504868.5,,0.02502676559,Long,EC,,CORP,,US,N,1,
0001752724-25-204872,152729770,GE HealthCare Technologies Inc,549300OI9J7XOWZMUN85,"GE HealthCare Technologies, Inc",36266G107,223747,NS,,USD,16572940.29,,0.063762563652,Long,EC,,CORP,,US,N,1,
0001752724-25-204872,152729555,Cisco Systems Inc,549300LKFJ962MZ46593,"Cisco Systems, Inc",17275R102,1956519,NS,,USD,135743288.22,,0.522257360741,Long,EC,,CORP,,US,N,1,
0001752724-25-204872,152729622,Westinghouse Air Brake Technologies Corp,06BTX5UWZD0GQ5N5Y745,Westinghouse Air Brake Technologies Corp,929740108,83928,NS,,USD,17570326.8,,0.067599898471,Long,EC,,CORP,,US,N,1,
0001752724-25-204872,152729950,Cincinnati Financial Corp,254900Q4WEDMZBOZ0002,Cincinnati Financial Corp,172062101,76525,NS,,USD,11396103,,0.043845251971,Long,EC,,CORP,,US,N,1,
0001752724-25-204872,152729412,BXP Inc,549300OF70FSEUQBT254,"Boston Properties, Inc",101121101,70810,NS,,USD,4777550.7,,0.018381100473,Long,EC,,CORP,,US,N,1,
0001752724-25-204872,152729776,Teledyne Technologies Inc,549300VSMO9KYQWDND94,"Teledyne Technologies, Inc",879360105,22801,NS,,USD,11681180.31,,0.044942055544,Long,EC,,CORP,,US,N,1,
0001752724-25-204872,152729496,Boston Scientific Corp,Y6ZDD9FP4P8JSSJMW954,Boston Scientific Corp,101137107,724015,NS,,USD,77766451.15,,0.299197861377,Long,EC,,CORP,,US,N,1,
0001752724-25-204872,152729541,Huntington Bancshares Inc/OH,549300XTVCVV9I7B5T19,"Huntington Bancshares, Inc",446150104,711308,NS,,USD,11921522.08,,0.045866744051,Long,EC,,CORP,,US,N,1,
0001752724-25-204872,152729890,Live Nation Entertainment Inc,5493007B9BM9ZXJINO78,"Live Nation, Inc",538034109,76721,NS,,USD,11606352.88,,0.044654165243,Long,EC,,CORP,,US,N,1,
0001752724-25-204872,152729593,Lululemon Athletica Inc,549300D9GZ4BMLDW5T40,"Lululemon Athletica, Inc",550021109,55662,NS,,USD,13224177.96,,0.050878569172,Long,EC,,CORP,,US,N,1,
0001752724-25-204872,152729728,Caesars Entertainment Inc,549300FA4CTCW903Y781,"Caesars Entertainment, Inc",12769G100,124823,NS,,USD,3543724.97,,0.013634091779,Long,EC,,CORP,,US,N,1,
0001752724-25-204872,152729735,Kenvue Inc,5493008HSF8L4M2LIJ82,"Kenvue, Inc",49177J102,938073,NS,,USD,19633867.89,,0.07553914569,Long,EC,,CORP,,US,N,1,
0001752724-25-204872,152729754,Sanofi Aatd Inc,549300VBKG2LTV1TLY22,"Inhibrx, Inc",,15231,NS,,USD,9862.07,,3.7943228e-05,Long,EC,,CORP,,US,N,3,
0001752724-25-204872,152729510,Starbucks Corp,OQSJ1DU9TAOC51A47K68,Starbucks Corp,855244109,558010,NS,,USD,51130456.3,,0.196718802902,Long,EC,,CORP,,US,N,1,
0001752724-25-204872,152729491,Invesco Ltd,ECPGFXU8A2SHKVVGJI15,Invesco Ltd,G491BT108,219210,NS,,USD,3456941.7,,0.013300202699,Long,EC,,CORP,,US,N,1,
0001752724-25-204872,152729727,Merck & Co Inc,4YV9Y5M8S0BRK1RP0397,"Merck & Co, Inc",58933Y105,1242669,NS,,USD,98369678.04,,0.378466509127,Long,EC,,CORP,,US,N,1,
0001752724-25-204872,152729789,Agilent Technologies Inc,QUIX8Y7A2WP0XRMW7G29,"Agilent Technologies, Inc",00846U101,139587,NS,,USD,16472661.87,,0.063376753469,Long,EC,,CORP,,US,N,1,
0001752724-25-204872,152729428,Dow Inc,5493003S21INSLK2IP73,"Dow, Inc",260557103,344361,NS,,USD,9118679.28,,0.035083114875,Long,EC,,CORP,,US,N,1,
0001752724-25-204872,152729867,Lennar Corp,529900G61XVRLX5TJX09,Lennar Corp (Class A),526057104,114712,NS,,USD,12688294.32,,0.048816815849,Long,EC,,CORP,,US,N,1,
0001752724-25-204872,152729934,Nucor Corp,549300GGJCRSI2TIEJ46,Nucor Corp,670346105,114886,NS,,USD,14882332.44,,0.057258136027,Long,EC,,CORP,,US,N,1,
0001752724-25-204872,152729439,Adobe Inc,FU4LY2G4933NH2E1CP29,"Adobe, Inc",00724F101,209918,NS,,USD,81213075.84,,0.312458370517,Long,EC,,CORP,,US,N,1,
0001752724-25-204872,152729447,Pfizer Inc,765LHXWGK1KXCLTFYQ30,"Pfizer, Inc",717081103,2783876,NS,,USD,67481154.24,,0.259626313575,Long,EC,,CORP,,US,N,1,
0001752724-25-204872,152729645,Amphenol Corp,549300D3L3G0R4U4VT04,Amphenol Corp (Class A),032095101,594941,NS,,USD,58750423.75,,0.226035788969,Long,EC,,CORP,,US,N,1,
0001752724-25-204872,152729748,NXP Semiconductors NV,724500M9BY5293JDF951,NXP Semiconductors NV,N6596X109,124353,NS,,USD,27169886.97,,0.104533149643,Long,EC,,CORP,,US,N,1,
0001752724-25-204872,152730010,DuPont de Nemours Inc,5493004JF0SDFLM8GD76,"DuPont de Nemours, Inc",26614N102,204546,NS,,USD,14029810.14,,0.053978150312,Long,EC,,CORP,,US,N,1,
0001752724-25-204872,152729691,Bank of New York Mellon Corp/The,WFLLPEPC7FZXENRZV188,Bank of New York Mellon Corp,064058100,351141,NS,,USD,31992456.51,,0.123087455148,Long,EC,,CORP,,US,N,1,
0001752724-25-204872,152730020,Northrop Grumman Corp,RIMU48P07456QXSO0R61,Northrop Grumman Corp,666807102,66844,NS,,USD,33420663.12,,0.128582322884,Long,EC,,CORP,,US,N,1,
0001752724-25-204872,152729430,Southern Co/The,549300FC3G3YU2FBZD92,Southern Co,842587107,536099,NS,,USD,49229971.17,,0.189406895543,Long,EC,,CORP,,US,N,1,
0001752724-25-204872,152729869,Pool Corp,5493005VZK1KMN6CO617,Pool Corp,73278L105,18620,NS,,USD,5427357.6,,0.020881160999,Long,EC,,CORP,,US,N,1,
0001752724-25-204872,152729784,PayPal Holdings Inc,5493005X2GO78EFZ3E94,"PayPal Holdings, Inc",70450Y103,485963,NS,,USD,36116770.16,,0.138955297971,Long,EC,,CORP,,US,N,1,
0001752724-25-204872,152729855,Verizon Communications Inc,2S72QS2UO2OESLG6Y829,"Verizon Communications, Inc",92343V104,2068001,NS,,USD,89482403.27,,0.344273697634,Long,EC,,CORP,,US,N,1,
0001752724-25-204872,152729753,Williams Cos Inc/The,D71FAKCBLFS2O0RBPG08,"Williams Cos, Inc",969457100,598833,NS,,USD,37612700.73,,0.144710726188,Long,EC,,CORP,,US,N,1,
0001752724-25-204872,152729938,Mondelez International Inc,549300DV9GIB88LZ5P30,"Mondelez International, Inc",609207105,632902,NS,,USD,42682910.88,,0.164217801684,Long,EC,,CORP,,US,N,1,
0001752724-25-204872,152729422,Molson Coors Beverage Co,54930073LBBH6ZCBE225,Molson Coors Brewing Co (Class B),60871R209,86940,NS,,USD,4180944.6,,0.016085724169,Long,EC,,CORP,,US,N,1,
0001752724-25-204872,152729453,GE Vernova Inc,254900DP080RU6OK2553,"GE Vernova, Inc",36828A101,135535,NS,,USD,71718345.25,,0.275928439616,Long,EC,,CORP,,US,N,1,
0001752724-25-204872,152729516,Fair Isaac Corp,RI6HET5SJUEY30V1PS26,Fair Isaac Corp,303250104,12363,NS,,USD,22599069.48,,0.08694743244,Long,EC,,CORP,,US,N,1,
0001752724-25-204872,152729894,Salesforce Inc,RCGZFPDMRW58VJ54VR07,"Salesforce, Inc",79466L302,470124,NS,,USD,128198113.56,,0.493228131701,Long,EC,,CORP,,US,N,1,
0001752724-25-204872,152729715,CF Industries Holdings Inc,529900CG8YAQFZ2JMV97,"CF Industries Holdings, Inc",125269100,85143,NS,,USD,7833156,,0.030137205547,Long,EC,,CORP,,US,N,1,
0001752724-25-204872,152729878,Dover Corp,549300FMC2ALGA7N9E80,Dover Corp,260003108,67142,NS,,USD,12302428.66,,0.047332240193,Long,EC,,CORP,,US,N,1,
0001752724-25-204872,152729501,PulteGroup Inc,,"Pulte Homes, Inc",745867101,99060,NS,,USD,10446867.6,,0.040193173248,Long,EC,,CORP,,US,N,1,
0001752724-25-204872,152729882,AbbVie Inc,FR5LCKFTG8054YNNRU85,"AbbVie, Inc",00287Y109,867222,NS,,USD,160973747.64,,0.61932877635,Long,EC,,CORP,,US,N,1,
0001752724-25-204872,152729467,Charles River Laboratories International Inc,549300BSQ0R4UZ5KX287,"Charles River Laboratories International, Inc",159864107,25019,NS,,USD,3796132.87,,0.014605203393,Long,EC,,CORP,,US,N,1,
0001752724-25-204872,152729671,DTE Energy Co,549300IX8SD6XXD71I78,DTE Energy Co,233331107,101400,NS,,USD,13431444,,0.051676002448,Long,EC,,CORP,,US,N,1,
0001752724-25-204872,152729694,The Campbell's Company,5493007JDSMX8Z5Z1902,Campbell Soup Co,134429109,119334,NS,,USD,3657587.1,,0.014072163792,Long,EC,,CORP,,US,N,1,
0001752724-25-204872,152729740,Williams-Sonoma Inc,549300IARG6YWVTZ1I92,"Williams-Sonoma, Inc",969904101,60230,NS,,USD,9839775.1,,0.037857451675,Long,EC,,CORP,,US,N,1,
0001752724-25-204872,152729582,Tyler Technologies Inc,25490040SMU4Z8LBCW70,"Tyler Technologies, Inc",902252105,20941,NS,,USD,12414662.44,,0.047764047308,Long,EC,,CORP,,US,N,1,
0001752724-25-204872,152729712,Air Products and Chemicals Inc,7QEON6Y1RL5XR3R1W237,"Air Products & Chemicals, Inc",009158106,111504,NS,,USD,31450818.24,,0.12100356152,Long,EC,,CORP,,US,N,1,
0001752724-25-204872,152729523,Dexcom Inc,549300YSK3QDSFR5EU59,"DexCom, Inc",252131107,191161,NS,,USD,16686443.69,,0.064199255491,Long,EC,,CORP,,US,N,1,
0001752724-25-204872,152729722,Leidos Holdings Inc,549300IUTGTP6EJP8124,"Leidos Holdings, Inc",525327102,64178,NS,,USD,10124721.28,,0.038953750739,Long,EC,,CORP,,US,N,1,
0001752724-25-204872,152729495,CMS Energy Corp,549300IA9XFBAGNIBW29,CMS Energy Corp,125896100,146784,NS,,USD,10169195.52,,0.039124860483,Long,EC,,CORP,,US,N,1,
0001752724-25-204872,152729459,MSCI Inc,549300HTIN2PD78UB763,"MSCI, Inc (Class A)",55354G100,37994,NS,,USD,21912659.56,,0.084306545824,Long,EC,,CORP,,US,N,1,
0001752724-25-204872,152729507,KeyCorp,RKPI3RZGV1V1FJTH5T61,Keycorp,493267108,489336,NS,,USD,8524233.12,,0.032796048703,Long,EC,,CORP,,US,N,1,
0001752724-25-204872,152729581,Tractor Supply Co,549300OJ9VZHZRO6I137,Tractor Supply Co,892356106,261370,NS,,USD,13792494.9,,0.053065106046,Long,EC,,CORP,,US,N,1,
0001752724-25-204872,152729633,Camden Property Trust,5493002MYX22OHYJBD89,Camden Property Trust,133131102,52198,NS,,USD,5882192.62,,0.022631088677,Long,EC,,CORP,,US,N,1,
0001752724-25-204872,152729485,NNN REIT Inc,5493008JKH5SOTI0JS97,"National Retail Properties, Inc",637417106,1059,NS,,USD,45727.62,,0.000175931984,Long,EC,,CORP,,US,N,1,
0001752724-25-204872,152729814,Paramount Global,5KYC8KF17ROCY24M3H09,Paramount Global (Class B),92556H206,292267,NS,,USD,3770244.3,,0.014505599969,Long,EC,,CORP,,US,N,1,
0001752724-25-204872,152729477,Tobira Therapeutics Inc,54930086LNMGJM5NB025,"Tobira Therapeutics, Inc",888CVR990,6981,NC,,USD,418.86,,1.611517e-06,Long,EC,,CORP,,US,N,3,
0001752724-25-204872,152729674,Occidental Petroleum Corp,IM7X0T3ECJW4C1T7ON55,Occidental Petroleum Corp,674599105,348426,NS,,USD,14637376.26,,0.056315694086,Long,EC,,CORP,,US,N,1,
0001752724-25-204872,152729724,Invitation Homes Inc,,"Invitation Homes, Inc",46187W107,278737,NS,,USD,9142573.6,,0.035175045641,Long,EC,,CORP,,US,N,1,
0001752724-25-204872,152729729,Alexandria Real Estate Equities Inc,MGCJBT4MKTQBVLNUIS88,"Alexandria Real Estate Equities, Inc",015271109,75679,NS,,USD,5496565.77,,0.021147431816,Long,EC,,CORP,,US,N,1,
0001752724-25-204872,152729486,Evergy Inc,549300PGTHDQY6PSUI61,"Evergy, Inc",30034W106,123622,NS,,USD,8521264.46,,0.03278462711,Long,EC,,CORP,,US,N,1,
0001752724-25-204872,152729690,Clorox Co/The,54930044KVSC06Z79I06,Clorox Co,189054109,60275,NS,,USD,7237219.25,,0.027844404494,Long,EC,,CORP,,US,N,1,
0001752724-25-204872,152729438,QUALCOMM Inc,H1J8DDZKZP6H7RWC0H53,"QUALCOMM, Inc",747525103,543319,NS,,USD,86528983.94,,0.332910741832,Long,EC,,CORP,,US,N,1,
0001752724-25-204872,152729713,Fortive Corp,549300MU9YQJYHDQEF63,Fortive Corp,34959J108,166942,NS,,USD,8702686.46,,0.033482628287,Long,EC,,CORP,,US,N,1,
0001752724-25-204872,152729750,Hasbro Inc,549300NUB6D2R1ITYR45,"Hasbro, Inc",418056107,64157,NS,,USD,4736069.74,,0.018221507045,Long,EC,,CORP,,US,N,1,
0001752724-25-204872,152729751,State Street Corp,549300ZFEEJ2IP5VME73,State Street Corp,857477103,141144,NS,,USD,15009252.96,,0.057746448759,Long,EC,,CORP,,US,N,1,
0001752724-25-204872,152729704,Cooper Cos Inc/The,QJKMVPIGLH7530PCUE20,"Cooper Cos, Inc",216648501,97654,NS,,USD,6949058.64,,0.026735738264,Long,EC,,CORP,,US,N,1,
0001752724-25-204872,152729432,First Solar Inc,549300NPYMLM4NHTOF27,"First Solar, Inc",336433107,52381,NS,,USD,8671150.74,,0.033361298075,Long,EC,,CORP,,US,N,1,
0001752724-25-204872,152729604,CH Robinson Worldwide Inc,529900WNWN5L0OVDHA79,"CH Robinson Worldwide, Inc",12541W209,58082,NS,,USD,5572967.9,,0.021441380602,Long,EC,,CORP,,US,N,1,
0001752724-25-204872,152729611,United Airlines Holdings Inc,98450079DA0B78DD6764,"United Airlines Holdings, Inc",910047109,170706,NS,,USD,13593318.78,,0.052298797847,Long,EC,,CORP,,US,N,1,
0001752724-25-204872,152729948,Alphabet Inc,5493006MHB84DD0ZWV18,"Alphabet, Inc (Class A)",02079K305,2865445,NS,,USD,504977372.35,,1.942844859408,Long,EC,,CORP,,US,N,1,
0001752724-25-204872,152729525,Meta Platforms Inc,BQ4BKCS1HXDV9HN80Z93,"Meta Platforms, Inc",30303M102,1069357,NS,,USD,789281708.13,,3.036674499155,Long,EC,,CORP,,US,N,1,
0001752724-25-204872,152729574,GCI Liberty Inc,,"GCI Liberty, Inc",361ESC049,52848,NS,,USD,528.48,,2.033268e-06,Long,EC,,CORP,,US,N,3,
0001752724-25-204872,152729436,American Water Works Co Inc,549300DXHIJQMD5WFW18,"American Water Works Co, Inc",030420103,95951,NS,,USD,13347743.61,,0.05135397441,Long,EC,,CORP,,US,N,1,
0001752724-25-204872,152729779,Moderna Inc,549300EI6OKH5K5Q2G38,"Moderna, Inc",60770K107,165691,NS,,USD,4571414.69,,0.017588014863,Long,EC,,CORP,,US,N,1,
0001752724-25-204872,152729795,Garmin Ltd,2549001E0HIPIJQ0W046,Garmin Ltd,H2906T109,75162,NS,,USD,15687812.64,,0.060357132441,Long,EC,,CORP,,US,N,1,
0001752724-25-204872,152729808,Bunge Global SA,254900IVXSV9K0B7PO26,Bunge Global S.A.,H11356104,65309,NS,,USD,5243006.52,,0.02017189051,Long,EC,,CORP,,US,N,1,
0001752724-25-204872,152729959,NiSource Inc,549300D8GOWWH0SJB189,"NiSource, Inc",65473P105,229935,NS,,USD,9275577.9,,0.035686765046,Long,EC,,CORP,,US,N,1,
0001752724-25-204872,152729556,Ball Corp,0BGI85ALH27ZJP15DY16,Ball Corp,058498106,146013,NS,,USD,8189869.17,,0.031509620207,Long,EC,,CORP,,US,N,1,
0001752724-25-204872,152729632,PPL Corp,9N3UAJSNOUXFKQLF3V18,PPL Corp,69351T106,361237,NS,,USD,12242321.93,,0.047100986165,Long,EC,,CORP,,US,N,1,
0001752724-25-204872,152729662,Simon Property Group Inc,529900GQL5X8H7AO3T64,"Simon Property Group, Inc",828806109,150057,NS,,USD,24123163.32,,0.092811215739,Long,EC,,CORP,,US,N,1,
0001752724-25-204872,152729827,Marsh & McLennan Cos Inc,549300XMP3KDCKJXIU47,"Marsh & McLennan Cos, Inc",571748102,241269,NS,,USD,52751054.16,,0.202953874796,Long,EC,,CORP,,US,N,1,
0001752724-25-204872,152729669,Aon PLC,635400FALWQYX5E6QC64,Aon plc,G0403H108,106241,NS,,USD,37902539.16,,0.145825847647,Long,EC,,CORP,,US,N,1,
0001752724-25-204872,152729811,Ross Stores Inc,549300ENZFLPGRDFZQ60,"Ross Stores, Inc",778296103,161427,NS,,USD,20594856.66,,0.079236444211,Long,EC,,CORP,,US,N,1,
0001752724-25-204872,152729906,Smurfit WestRock PLC,635400EGSEOPDW2EXS14,Smurfit WestRock plc,G8267P108,241913,NS,,USD,10438545.95,,0.040161156616,Long,EC,,CORP,,US,N,1,
0001752724-25-204872,152729410,Ventas Inc,ORQTRC074CWLT3DKHT41,"Ventas, Inc",92276F100,225655,NS,,USD,14250113.25,,0.05482574228,Long,EC,,CORP,,US,N,1,
0001752724-25-204872,152729490,Warner Bros Discovery Inc,5493006ZCRFWKF6B1K26,"Warner Bros Discovery, Inc",934423104,1092265,NS,,USD,12517356.9,,0.04815915294,Long,EC,,CORP,,US,N,1,
0001752724-25-204872,152729625,T Rowe Price Group Inc,549300SIV6FPS9Y7IH33,"T Rowe Price Group, Inc",74144T108,108932,NS,,USD,10511938,,0.04044352445,Long,EC,,CORP,,US,N,1,
0001752724-25-204872,152729685,Steel Dynamics Inc,549300HGGKEL4FYTTQ83,"Steel Dynamics, Inc",858119100,69278,NS,,USD,8868276.78,,0.034119718817,Long,EC,,CORP,,US,N,1,
0001752724-25-204872,152729675,NVIDIA Corp,549300S4KLFTLO7GSQ80,Nvidia Corp,67066G104,12011541,NS,,USD,1897703362.59,,7.30120481544,Long,EC,,CORP,,US,N,1,
0001752724-25-204872,152729480,SBA Communications Corp,5299001HX8ZN8Y8QIT49,SBA Communications Corp,78410G104,55851,NS,,USD,13116048.84,,0.050462554284,Long,EC,,CORP,,US,N,1,
0001752724-25-204872,152729746,Biogen Inc,W8J5WZB5IY3K0NDQT671,"Biogen, Inc",09062X103,71619,NS,,USD,8994630.21,,0.034605849732,Long,EC,,CORP,,US,N,1,
0001752724-25-204872,152729969,PepsiCo Inc,FJSUNZKFNQ5YPJ5OT455,"PepsiCo, Inc",713448108,671052,NS,,USD,88605706.08,,0.34090070169,Long,EC,,CORP,,US,N,1,
0001752724-25-204872,152729653,Arista Networks Inc,635400H1WKBLOQERUU95,"Arista Networks, Inc",040413205,507460,NS,,USD,51918232.6,,0.199749685509,Long,EC,,CORP,,US,N,1,
0001752724-25-204872,152729838,Prologis Inc,529900DFH19P073LZ636,"Prologis, Inc",74340W103,453492,NS,,USD,47671079.04,,0.183409229653,Long,EC,,CORP,,US,N,1,
0001752724-25-204872,152729418,Advanced Micro Devices Inc,R2I72C950HOYXII45366,"Advanced Micro Devices, Inc",007903107,796056,NS,,USD,112960346.4,,0.434602499709,Long,EC,,CORP,,US,N,1,
0001752724-25-204872,152729426,Moody's Corp,549300GCEDD8YCF5WU84,Moody's Corp,615369105,76045,NS,,USD,38143411.55,,0.146752577655,Long,EC,,CORP,,US,N,1,
0001752724-25-204872,152729623,Marathon Petroleum Corp,3BNYRYQHD39K4LCKQF12,Marathon Petroleum Corp,56585A102,154613,NS,,USD,25682765.43,,0.098811613199,Long,EC,,CORP,,US,N,1,
0001752724-25-204872,152729592,Cadence Design Systems Inc,GCT7RXJOGLXPV0NXZY22,"Cadence Design Systems, Inc",127387108,134731,NS,,USD,41517357.65,,0.159733463919,Long,EC,,CORP,,US,N,1,
0001752724-25-204872,152729734,Avery Dennison Corp,549300PW7VPFCYKLIV37,Avery Dennison Corp,053611109,39311,NS,,USD,6897901.17,,0.026538915528,Long,EC,,CORP,,US,N,1,
0001752724-25-204872,152729764,IDEXX Laboratories Inc,OGMTXK0LUU1HKV2P0J84,"IDEXX Laboratories, Inc",45168D104,40065,NS,,USD,21488462.1,,0.082674492786,Long,EC,,CORP,,US,N,1,
0001752724-25-204872,152729429,M&T Bank Corp,549300WYXDDBYRASEG81,M&T Bank Corp,55261F104,81183,NS,,USD,15748690.17,,0.060591352037,Long,EC,,CORP,,US,N,1,
0001752724-25-204872,152729423,Baxter International Inc,J5OIVXX3P24RJRW5CK77,"Baxter International, Inc",071813109,249824,NS,,USD,7564670.72,,0.029104237984,Long,EC,,CORP,,US,N,1,
0001752724-25-204872,152729532,Masco Corp,5GCSNMQXHEYA1JO8QN11,Masco Corp,574599106,103720,NS,,USD,6675419.2,,0.025682940637,Long,EC,,CORP,,US,N,1,
0001752724-25-204872,152729756,McCormick & Co Inc/MD,549300JQQA6MQ4OJP259,"McCormick & Co, Inc",579780206,123554,NS,,USD,9367864.28,,0.036041826736,Long,EC,,CORP,,US,N,1,
0001752724-25-204872,152729830,Cintas Corp,,Cintas Corp,172908105,168504,NS,,USD,37554486.48,,0.144486753269,Long,EC,,CORP,,US,N,1,
0001752724-25-204872,152729840,APA Corp,549300VCIWLRHYVSHC79,APA Corp,03743Q108,178005,NS,,USD,3255711.45,,0.012525991461,Long,EC,,CORP,,US,N,1,
0001752724-25-204872,152729952,KLA Corp,549300H0BF5JCG96TJ81,KLA Corp,482480100,65281,NS,,USD,58474802.94,,0.224975368239,Long,EC,,CORP,,US,N,1,
0001752724-25-204872,152729798,Eaton Corp PLC,549300VDIGTMXUNT7H71,Eaton Corp plc,G29183103,194142,NS,,USD,69306752.58,,0.266650102252,Long,EC,,CORP,,US,N,1,
0001752724-25-204872,152729910,Keysight Technologies Inc,549300GLKVIO8YRCYN02,"Keysight Technologies, Inc",49338L103,84600,NS,,USD,13862556,,0.053334658417,Long,EC,,CORP,,US,N,1,
0001752724-25-204872,152729772,Microsoft Corp,INR2EJN1ERAN0W5ZP974,Microsoft Corp,594918104,3660754,NS,,USD,1820895647.14,,7.005695584144,Long,EC,,CORP,,US,N,1,
0001752724-25-204872,152729803,CME Group Inc,LCZ7XYGSLJUHFXXNXD88,"CME Group, Inc",12572Q105,179045,NS,,USD,49348382.9,,0.189862471641,Long,EC,,CORP,,US,N,1,
0001752724-25-204872,152730001,A O Smith Corp,549300XG4US7UJNECY36,A.O. Smith Corp,831865209,59030,NS,,USD,3870597.1,,0.014891696322,Long,EC,,CORP,,US,N,1,
0001752724-25-204872,152729800,Citizens Financial Group Inc,2138004JDDA4ZQUPFW65,"Citizens Financial Group, Inc",174610105,213887,NS,,USD,9571443.25,,0.036825074416,Long,EC,,CORP,,US,N,1,
0001752724-25-204872,152729628,Martin Marietta Materials Inc,5299005MZ4WZECVATV08,"Martin Marietta Materials, Inc",573284106,29904,NS,,USD,16416099.84,,0.063159137284,Long,EC,,CORP,,US,N,1,
0001752724-25-204872,152729517,Elevance Health Inc,8MYN82XMYQH89CTMTH67,"Elevance Health, Inc",036752103,111285,NS,,USD,43285413.6,,0.166535864584,Long,EC,,CORP,,US,N,1,
0001752724-25-204872,152729660,Analog Devices Inc,GYVOE5EZ4GDAVTU4CQ61,"Analog Devices, Inc",032654105,243712,NS,,USD,58008330.24,,0.223180665868,Long,EC,,CORP,,US,N,1,
0001752724-25-204872,152729896,Welltower Inc,254900F33BIAR82QTA19,"Welltower, Inc",95040Q104,305861,NS,,USD,47020011.53,,0.180904319069,Long,EC,,CORP,,US,N,1,
0001752724-25-204872,152729476,Arch Capital Group Ltd,549300AYR4P8AFKDCE43,Arch Capital Group Ltd,G0450A105,183415,NS,,USD,16699935.75,,0.064251164707,Long,EC,,CORP,,US,N,1,
0001752724-25-204872,152729561,Freeport-McMoRan Inc,549300IRDTHJQ1PVET45,"Freeport-McMoRan, Inc (Class B)",35671D857,705961,NS,,USD,30603409.35,,0.117743249087,Long,EC,,CORP,,US,N,1,
0001752724-25-204872,152729596,Costco Wholesale Corp,29DX7H14B9S6O3FD6V18,Costco Wholesale Corp,22160K105,218064,NS,,USD,215870276.16,,0.830537127603,Long,EC,,CORP,,US,N,1,
0001752724-25-204872,152729745,AvalonBay Communities Inc,K9G90K85RBWD2LAGQX17,"AvalonBay Communities, Inc",053484101,69511,NS,,USD,14145488.5,,0.05442321007,Long,EC,,CORP,,US,N,1,
0001752724-25-204872,152729489,Enphase Energy Inc,5493008U7KIGMI59Z314,"Enphase Energy, Inc",29355A107,64818,NS,,USD,2570033.7,,0.009887921788,Long,EC,,CORP,,US,N,1,
0001752724-25-204872,152729564,Ralph Lauren Corp,HO1QNWM0IXBZ0QSMMO20,Ralph Lauren Corp,751212101,19514,NS,,USD,5352299.92,,0.020592384837,Long,EC,,CORP,,US,N,1,
0001752724-25-204872,152729929,Constellation Energy Corp,549300F8Y20RYGNGV346,Constellation Energy Corp,21037T109,153681,NS,,USD,49602079.56,,0.190838541617,Long,EC,,CORP,,US,N,1,
0001752724-25-204872,152729946,McDonald's Corp,UE2136O97NLB5BYP9H04,McDonald's Corp,580135101,352037,NS,,USD,102854650.29,,0.395721946217,Long,EC,,CORP,,US,N,1,
0001752724-25-204872,152729450,Arthur J Gallagher & Co,54930049QLLMPART6V29,Gallagher (Arthur J.) & Co,363576109,124453,NS,,USD,39839894.36,,0.153279608542,Long,EC,,CORP,,US,N,1,
0001752724-25-204872,152729483,PACCAR Inc,KDTEY8BWE486IKZ3CC07,"PACCAR, Inc",693718108,256577,NS,,USD,24390209.62,,0.093838646986,Long,EC,,CORP,,US,N,1,
0001752724-25-204872,152729737,Progressive Corp/The,529900TACNVLY9DCR586,Progressive Corp,743315103,287778,NS,,USD,76796437.08,,0.295465839008,Long,EC,,CORP,,US,N,1,
0001752724-25-204872,152729747,Berkshire Hathaway Inc,5493000C01ZX7D35SD85,"Berkshire Hathaway, Inc",084670702,903152,NS,,USD,438724147.04,,1.687942867238,Long,EC,,CORP,,US,N,1,
0001752724-25-204872,152729679,Equity Residential,5493008RACSH5EP3PI59,Equity Residential,29476L107,167206,NS,,USD,11284732.94,,0.043416767924,Long,EC,,CORP,,US,N,1,
0001752724-25-204872,152729529,Dayforce Inc,549300T64GVCHFJ8L449,"Ceridian HCM Holding, Inc",15677J108,77794,NS,,USD,4309009.66,,0.016578440392,Long,EC,,CORP,,US,N,1,
0001752724-25-204872,152729584,Citigroup Inc,6SHGI4ZSSLCXXQSBB395,"Citigroup, Inc",172967424,918434,NS,,USD,78177102.08,,0.300777795632,Long,EC,,CORP,,US,N,1,
0001752724-25-204872,152729673,Everest Group Ltd,549300N24XF2VV0B3570,Everest Re Group Ltd,G3223R108,21113,NS,,USD,7175253.05,,0.02760599636,Long,EC,,CORP,,US,N,1,
0001752724-25-204872,152729693,International Business Machines Corp,VGRQXHF3J8VDLUA7XE92,International Business Machines Corp,459200101,457710,NS,,USD,134923753.8,,0.519104292262,Long,EC,,CORP,,US,N,1,
0001752724-25-204872,152729810,TE Connectivity PLC,6367003TB6K484NFHE54,TE Connectivity plc,G87052109,145978,NS,,USD,24622109.26,,0.094730855327,Long,EC,,CORP,,US,N,1,
0001752724-25-204872,152729820,Coinbase Global Inc,5493004G3J2SC154DU06,"Coinbase Global, Inc",19260Q107,105207,NS,,USD,36874001.43,,0.141868661937,Long,EC,,CORP,,US,N,1,
0001752724-25-204872,152729971,DoorDash Inc,549300NUQ43FGGSK5051,"DoorDash, Inc",25809K105,165992,NS,,USD,40918687.92,,0.157430148026,Long,EC,,CORP,,US,N,1,
0001752724-25-204872,152729824,W R Berkley Corp,SQOAGCLKBDWNVYV1OV80,W.R. Berkley Corp,084423102,147496,NS,,USD,10836531.12,,0.041692360753,Long,EC,,CORP,,US,N,1,
0001752724-25-204872,152729460,Devon Energy Corp,54930042348RKR3ZPN35,Devon Energy Corp,25179M103,321417,NS,,USD,10224274.77,,0.039336771835,Long,EC,,CORP,,US,N,1,
0001752724-25-204872,152729834,Halliburton Co,ENYF8GB5SMQZ25S06U51,Halliburton Co,406216101,426436,NS,,USD,8690765.68,,0.033436764398,Long,EC,,CORP,,US,N,1,
0001752724-25-204872,152729600,Yum! Brands Inc,549300JE8XHZZ7OHN517,"Yum! Brands, Inc",988498101,137094,NS,,USD,20314588.92,,0.078158144929,Long,EC,,CORP,,US,N,1,
0001752724-25-204872,152729678,Trane Technologies PLC,549300BURLR9SLYY2705,Trane Technologies plc,G8994E103,109741,NS,,USD,48001810.81,,0.184681683736,Long,EC,,CORP,,US,N,1,
0001752724-25-204872,152729663,Carnival Corp,F1OF2ZSX47CR0BCWA982,Carnival Corp,143658300,512659,NS,,USD,14415971.08,,0.055463862025,Long,EC,,CORP,,US,N,1,
0001752724-25-204872,152729626,Packaging Corp of America,549300XZP8MFZFY8TJ84,Packaging Corp of America,695156109,43629,NS,,USD,8221885.05,,0.031632797782,Long,EC,,CORP,,US,N,1,
0001752724-25-204872,152729433,NVR Inc,529900RWXR4JI3JYTV70,"NVR, Inc",62944T105,1469,NS,,USD,10849534.54,,0.04174238998,Long,EC,,CORP,,US,N,1,
0001752724-25-204872,152729642,Federal Agricultural Mortgage Corp Discount Notes,549300MS654K78GYF580,Federal Agricultural Mortgage Corp Discount Notes,31315LJD1,3000000,PA,,USD,2994787.5,,0.011522115282,Long,STIV,,USGSE,,US,N,2,
0001752724-25-204872,152729958,Best Buy Co Inc,HL5XPTVRV0O8TUN5LL90,"Best Buy Co, Inc",086516101,92887,NS,,USD,6235504.31,,0.023990416517,Long,EC,,CORP,,US,N,1,
0001752724-25-204872,152729723,LKQ Corp,DS830JTTZQN6GK0I2E41,LKQ Corp,501889208,127195,NS,,USD,4707486.95,,0.018111537907,Long,EC,,CORP,,US,N,1,
0001752724-25-204872,152729619,CVS Health Corp,549300EJG376EN5NQE29,CVS Health Corp,126650100,619360,NS,,USD,42723452.8,,0.164373782259,Long,EC,,CORP,,US,N,1,
0001752724-25-204872,152729634,Coca-Cola Co/The,UWJKFUJFZ02DKWI3RY53,Coca-Cola Co,191216100,1902013,NS,,USD,134567419.75,,0.517733336225,Long,EC,,CORP,,US,N,1,
0001752724-25-204872,152729638,Kimco Realty Corp,254900ARY41P4V1JL861,Kimco Realty Corp,49446R109,332470,NS,,USD,6988519.4,,0.026887559194,Long,EC,,CORP,,US,N,1,
0001752724-25-204872,152729888,Genuine Parts Co,549300D46DQVEU651W04,Genuine Parts Co,372460105,68028,NS,,USD,8252476.68,,0.031750495711,Long,EC,,CORP,,US,N,1,
0001752724-25-204872,152729571,Republic Services Inc,NKNQHM6BLECKVOQP7O46,"Republic Services, Inc",760759100,102279,NS,,USD,25223024.19,,0.09704280938,Long,EC,,CORP,,US,N,1,
0001752724-25-204872,152729657,Cboe Global Markets Inc,529900RLNSGA90UPEH54,"Cboe Global Markets, Inc",12503M108,51221,NS,,USD,11945249.41,,0.045958032342,Long,EC,,CORP,,US,N,1,
0001752724-25-204872,152729782,Lamb Weston Holdings Inc,5493005SMYID1D2OY946,"Lamb Weston Holdings, Inc",513272104,66946,NS,,USD,3471150.1,,0.013354867955,Long,EC,,CORP,,US,N,1,
0001752724-25-204872,152729832,Extra Space Storage Inc,,"Extra Space Storage, Inc",30225T102,103720,NS,,USD,15292476.8,,0.05883612131,Long,EC,,CORP,,US,N,1,
0001752724-25-204872,152729979,TransDigm Group Inc,,"TransDigm Group, Inc",893641100,27441,NS,,USD,41727882.24,,0.160543434108,Long,EC,,CORP,,US,N,1,
0001752724-25-204872,152729991,UDR Inc,P3CH2EG5X6Z1XWU1OO74,"UDR, Inc",902653104,143555,NS,,USD,5861350.65,,0.022550901491,Long,EC,,CORP,,US,N,1,
0001752724-25-204872,152729819,Travelers Cos Inc/The,549300Y650407RU8B149,"Travelers Cos, Inc",89417E109,110932,NS,,USD,29678747.28,,0.114185713546,Long,EC,,CORP,,US,N,1,
0001752724-25-204872,152729509,Fortinet Inc,549300O0QJWDBAS0QX03,"Fortinet, Inc",34959E109,312510,NS,,USD,33038557.2,,0.127112212413,Long,EC,,CORP,,US,N,1,
0001752724-25-204872,152729687,Vertex Pharmaceuticals Inc,54930015RAQRRZ5ZGJ91,"Vertex Pharmaceuticals, Inc",92532F100,126146,NS,,USD,56160199.2,,0.216070185108,Long,EC,,CORP,,US,N,1,
0001752724-25-204872,152729771,Iron Mountain Inc,SQL3F6CKNNBM3SQGHX24,"Iron Mountain, Inc",46284V101,143722,NS,,USD,14741565.54,,0.056716550873,Long,EC,,CORP,,US,N,1,
0001752724-25-204872,152729513,Equifax Inc,5493004MCF8JDC86VS77,"Equifax, Inc",294429105,60671,NS,,USD,15736237.27,,0.060543440875,Long,EC,,CORP,,US,N,1,
0001752724-25-204872,152729521,News Corp,549300ITS31QK8VRBQ14,News Corp (Class A),65249B109,184964,NS,,USD,5497130.08,,0.021149602937,Long,EC,,CORP,,US,N,1,
0001752724-25-204872,152729689,Chipotle Mexican Grill Inc,,"Chipotle Mexican Grill, Inc (Class A)",169656105,663138,NS,,USD,37235198.7,,0.143258328678,Long,EC,,CORP,,US,N,1,
0001752724-25-204872,152729606,Dell Technologies Inc,549300TJB5YBRUPOG437,"Dell Technologies, Inc",24703L202,153250,NS,,USD,18788450,,0.07228649341,Long,EC,,CORP,,US,N,1,
0001752724-25-204872,152729629,Snap-on Inc,HHWAT5TDOYZMM26KKQ73,"Snap-On, Inc",833034101,25635,NS,,USD,7977099.3,,0.030691011551,Long,EC,,CORP,,US,N,1,
0001752724-25-204872,152730007,Zoetis Inc,549300HD9Q1LOC9KLJ48,"Zoetis, Inc",98978V103,219975,NS,,USD,34305101.25,,0.131985101243,Long,EC,,CORP,,US,N,1,
0001752724-25-204872,152729718,Take-Two Interactive Software Inc,BOMSTHHJK882EWYX3334,"Take-Two Interactive Software, Inc",874054109,83395,NS,,USD,20252475.75,,0.077919171344,Long,EC,,CORP,,US,N,1,
0001752724-25-204872,152729744,Consolidated Edison Inc,54930033SBW53OO8T749,"Consolidated Edison, Inc",209115104,170518,NS,,USD,17111481.3,,0.065834540913,Long,EC,,CORP,,US,N,1,
0001752724-25-204872,152729547,Quest Diagnostics Inc,8MCWUBXQ0WE04KMXBX50,"Quest Diagnostics, Inc",74834L100,54311,NS,,USD,9755884.93,,0.037534693479,Long,EC,,CORP,,US,N,1,
0001752724-25-204872,152729591,S&P Global Inc,Y6X4K52KMJMZE7I7MY94,"S&P Global, Inc",78409V104,154743,NS,,USD,81594436.47,,0.313925613566,Long,EC,,CORP,,US,N,1,
0001752724-25-204872,152729599,STERIS PLC,,STERIS plc,G8473T100,48266,NS,,USD,11594458.52,,0.044608403003,Long,EC,,CORP,,US,N,1,
0001752724-25-204872,152729676,Phillips 66,5493005JBO5YSIGK1814,Phillips 66,718546104,202065,NS,,USD,24106354.5,,0.092746545655,Long,EC,,CORP,,US,N,1,
0001752724-25-204872,152729763,Monolithic Power Systems Inc,529900TB7O85LSZ1XU31,"Monolithic Power Systems, Inc",609839105,23493,NS,,USD,17182310.34,,0.066107047849,Long,EC,,CORP,,US,N,1,
0001752724-25-204872,152729726,FedEx Corp,549300E707U7WNPZN687,FedEx Corp,31428X106,108415,NS,,USD,24643813.65,,0.094814360578,Long,EC,,CORP,,US,N,1,
0001752724-25-204872,152729533,International Flavors & Fragrances Inc,BZLRL03D3GPGMOGFO832,"International Flavors & Fragrances, Inc",459506101,125101,NS,,USD,9201178.55,,0.035400521736,Long,EC,,CORP,,US,N,1,
0001752724-25-204872,152729806,Constellation Brands Inc,5493005GKEG8QCVY7037,"Constellation Brands, Inc (Class A)",21036P108,76037,NS,,USD,12369699.16,,0.047591056038,Long,EC,,CORP,,US,N,1,
0001752724-25-204872,152729545,Intuitive Surgical Inc,54930052SRG011710797,"Intuitive Surgical, Inc",46120E602,175207,NS,,USD,95209235.87,,0.366307055734,Long,EC,,CORP,,US,N,1,
0001752724-25-204872,152729551,Ecolab Inc,82DYEISM090VG8LTLS26,"Ecolab, Inc",278865100,123802,NS,,USD,33357210.88,,0.128338197374,Long,EC,,CORP,,US,N,1,
0001752724-25-204872,152730005,OmniAb Operations Inc,,"OmniAb Operations, Inc",68218J301,3255,NS,,USD,32.55,,1.25232e-07,Long,EC,,CORP,,US,N,3,
0001752724-25-204872,152729446,Host Hotels & Resorts Inc,N6EL63S0K3PB1YFTDI24,Host Hotels & Resorts Inc,44107P104,342006,NS,,USD,5253212.16,,0.020211155586,Long,EC,,CORP,,US,N,1,
0001752724-25-204872,152729652,Apollo Global Management Inc,254900LMFT1CY9IYB476,"Apollo Global Management, Inc",03769M106,219585,NS,,USD,31152523.95,,0.119855907072,Long,EC,,CORP,,US,N,1,
0001752724-25-204872,152729681,Walmart Inc,Y87794H0US1R65VBXU25,"Walmart, Inc",931142103,2131040,NS,,USD,208373091.2,,0.801692533653,Long,EC,,CORP,,US,N,1,
0001752724-25-204872,152729825,General Motors Co,54930070NSV60J38I987,General Motors Co,37045V100,486831,NS,,USD,23956953.51,,0.092171741789,Long,EC,,CORP,,US,N,1,
0001752724-25-204872,152729451,Jacobs Solutions Inc,,"Jacobs Solutions, Inc",46982L108,59958,NS,,USD,7881479.1,,0.030323123356,Long,EC,,CORP,,US,N,1,
0001752724-25-204872,152729474,Illinois Tool Works Inc,76NA4I14SZCFAYMNSV04,"Illinois Tool Works, Inc",452308109,131204,NS,,USD,32440189,,0.124810056624,Long,EC,,CORP,,US,N,1,
0001752724-25-204872,152729544,Revvity Inc,549300IKL1SDPFI7N655,"PerkinElmer, Inc",714046109,59289,NS,,USD,5734432.08,,0.022062596263,Long,EC,,CORP,,US,N,1,
0001752724-25-204872,152729658,Synchrony Financial,549300RS7EWPM9MA6C78,Synchrony Financial,87165B103,190206,NS,,USD,12694348.44,,0.04884010841,Long,EC,,CORP,,US,N,1,
0001752724-25-204872,152729615,Public Service Enterprise Group Inc,PUSS41EMO3E6XXNV3U28,"Public Service Enterprise Group, Inc",744573106,243772,NS,,USD,20520726.96,,0.078951238349,Long,EC,,CORP,,US,N,1,
0001752724-25-204872,152729654,Sherwin-Williams Co/The,Z15BMIOX8DDH0X2OBP21,Sherwin-Williams Co,824348106,113825,NS,,USD,39082952,,0.150367356125,Long,EC,,CORP,,US,N,1,
0001752724-25-204872,152729761,Pinnacle West Capital Corp,TWSEY0NEDUDCKS27AH81,Pinnacle West Capital Corp,723484101,56547,NS,,USD,5059260.09,,0.019464946345,Long,EC,,CORP,,US,N,1,
0001752724-25-204872,152729788,Omnicom Group Inc,HKUPACFHSSASQK8HLS17,"Omnicom Group, Inc",681919106,96140,NS,,USD,6916311.6,,0.026609747632,Long,EC,,CORP,,US,N,1,
0001752724-25-204872,152729656,MGM Resorts International,54930066VBP7DZEGGJ87,MGM Resorts International,552953101,109464,NS,,USD,3764466.96,,0.014483372289,Long,EC,,CORP,,US,N,1,
0001752724-25-204872,152729742,Abbott Laboratories,HQD377W2YR662HK5JX27,Abbott Laboratories,002824100,852045,NS,,USD,115886640.45,,0.445861093982,Long,EC,,CORP,,US,N,1,
0001752724-25-204872,152729880,General Dynamics Corp,9C1X8XOOTYY2FNYTVH06,General Dynamics Corp,369550108,124156,NS,,USD,36211338.96,,0.13931914102,Long,EC,,CORP,,US,N,1,
0001752724-25-204872,152729983,Hess Corp,UASVRYNXNK17ULIGK870,Hess Corp,42809H107,135231,NS,,USD,18734902.74,,0.072080476221,Long,EC,,CORP,,US,N,1,
0001752724-25-204872,152729602,Darden Restaurants Inc,CY1NFSCCB5GUXC7WZC70,"Darden Restaurants, Inc",237194105,57318,NS,,USD,12493604.46,,0.048067768042,Long,EC,,CORP,,US,N,1,
0001752724-25-204872,152729608,Boeing Co/The,RVHJWBXLJ1RFUBSY1F30,Boeing Co,097023105,368472,NS,,USD,77205938.16,,0.297041349341,Long,EC,,CORP,,US,N,1,
0001752724-25-204872,152729861,International Paper Co,824LMFJDH41EY779Q875,International Paper Co,460146103,257978,NS,,USD,12081109.74,,0.046480740008,Long,EC,,CORP,,US,N,1,
0001752724-25-204872,152729464,Bank of New York Mellon Corp/The,WFLLPEPC7FZXENRZV188,Bank of New York Mellon Corp,RPER0CP58,72172016.75,PA,,USD,72172016.75,,0.277673890779,Long,RA,,CORP,,US,N,2,
0001752724-25-204872,152729506,Paychex Inc,529900K900DW6SUBM174,"Paychex, Inc",704326107,156793,NS,,USD,22807109.78,,0.087747844597,Long,EC,,CORP,,US,N,1,
0001752724-25-204872,152729421,DR Horton Inc,529900ZIUEYVSB8QDD25,"DR Horton, Inc",23331A109,136081,NS,,USD,17543562.52,,0.06749692585,Long,EC,,CORP,,US,N,1,
0001752724-25-204872,152729692,JB Hunt Transport Services Inc,549300XCD1MPI1C5GK90,"JB Hunt Transport Services, Inc",445658107,38868,NS,,USD,5581444.8,,0.021473994542,Long,EC,,CORP,,US,N,1,
0001752724-25-204872,152729828,Zimmer Biomet Holdings Inc,2P2YLDVPES3BXQ1FRB91,"Zimmer Biomet Holdings, Inc",98956P102,97404,NS,,USD,8884218.84,,0.034181054138,Long,EC,,CORP,,US,N,1,
0001752724-25-204872,152729538,Viatris Inc,254900ZZTSW7NL773X71,"Viatris, Inc",92556V106,587020,NS,,USD,5242088.6,,0.020168358914,Long,EC,,CORP,,US,N,1,
0001752724-25-204872,152729956,Atmos Energy Corp,QVLWEGTD2S8GJMO8D383,Atmos Energy Corp,049560105,77662,NS,,USD,11968490.82,,0.046047451109,Long,EC,,CORP,,US,N,1,
0001752724-25-204872,152729993,Valero Energy Corp,549300XTO5VR8SKV1V74,Valero Energy Corp,91913Y100,154899,NS,,USD,20821523.58,,0.080108520237,Long,EC,,CORP,,US,N,1,
0001752724-25-204872,152729790,Xcel Energy Inc,LGJNMI9GH8XIDG5RCM61,"Xcel Energy, Inc",98389B100,280968,NS,,USD,19133920.8,,0.073615654288,Long,EC,,CORP,,US,N,1,
0001752724-25-204872,152729546,UnitedHealth Group Inc,549300GHBMY8T5GXDE41,"UnitedHealth Group, Inc",91324P102,446794,NS,,USD,139386324.18,,0.536273540623,Long,EC,,CORP,,US,N,1,
0001752724-25-204872,152729579,Keurig Dr Pepper Inc,DYTQ8KRTKO7Y2BVU5K74,"Keurig Dr Pepper, Inc",49271V100,664591,NS,,USD,21971378.46,,0.084532460328,Long,EC,,CORP,,US,N,1,
0001752724-25-204872,152729408,Hubbell Inc,54930088VDQ6840Y6597,"Hubbell, Inc",443510607,26259,NS,,USD,10724438.19,,0.041261095542,Long,EC,,CORP,,US,N,1,
0001752724-25-204872,152729465,Baker Hughes Co,,Baker Hughes Co,05722G100,486390,NS,,USD,18648192.6,,0.071746868501,Long,EC,,CORP,,US,N,1,
0001752724-25-204872,152729661,Jack Henry & Associates Inc,529900X1QS8C54W0JB21,"Jack Henry & Associates, Inc",426281101,35667,NS,,USD,6426123.39,,0.024723802446,Long,EC,,CORP,,US,N,1,
0001752724-25-204872,152729973,Intuit Inc,VI90HBPH7XSFMB9E4M29,"Intuit, Inc",461202103,137509,NS,,USD,108306213.67,,0.416696236291,Long,EC,,CORP,,US,N,1,
0001752724-25-204872,152729448,Nordson Corp,14OS6Q5N55N95WM84M53,Nordson Corp,655663102,25712,NS,,USD,5511881.44,,0.021206357171,Long,EC,,CORP,,US,N,1,
0001752724-25-204872,152729585,Xylem Inc/NY,549300DF5MV96DRYLQ48,"Xylem, Inc",98419M100,124718,NS,,USD,16133520.48,,0.062071944298,Long,EC,,CORP,,US,N,1,
0001752724-25-204872,152729651,Texas Pacific Land Corp,,Texas Pacific Land Corp,88262P102,9218,NS,,USD,9737803.02,,0.03746512532,Long,EC,,CORP,,US,N,1,
0001752724-25-204872,152729767,Gartner Inc,PP55B5R38BFB8O8HH686,"Gartner, Inc",366651107,37586,NS,,USD,15193012.92,,0.058453444979,Long,EC,,CORP,,US,N,1,
0001752724-25-204872,152729912,US Bancorp,N1GZ7BBF3NP8GI976H15,US Bancorp,902973304,763279,NS,,USD,34538374.75,,0.132882595358,Long,EC,,CORP,,US,N,1,
0001752724-25-204872,152729435,JPMorgan Chase & Co,8I5DZWZKVSZI1NUHU748,JPMorgan Chase & Co,46625H100,1368834,NS,,USD,396838664.94,,1.526793085015,Long,EC,,CORP,,US,N,1,
0001752724-25-204872,152729719,Diamondback Energy Inc,549300R22LSX6OHWEN64,"Diamondback Energy, Inc",25278X109,91433,NS,,USD,12562894.2,,0.04833435269,Long,EC,,CORP,,US,N,1,
0001752724-25-204872,152729427,Prudential Financial Inc,5PRBRS5FEH7NREC8OR45,"Prudential Financial, Inc",744320102,173209,NS,,USD,18609574.96,,0.071598291381,Long,EC,,CORP,,US,N,1,
0001752724-25-204872,152729569,Entergy Corp,4XM3TW50JULSLG8BNC79,Entergy Corp,29364G103,219694,NS,,USD,18260965.28,,0.070257054008,Long,EC,,CORP,,US,N,1,
0001752724-25-204872,152729987,Bristol-Myers Squibb Co,HLYYNH7UQUORYSJQCN42,Bristol-Myers Squibb Co,110122108,992902,NS,,USD,45961433.58,,0.176831556919,Long,EC,,CORP,,US,N,1,
0001752724-25-204872,152729575,Blackstone Inc,5299004LW4QWGZUB8Y96,"Blackstone, Inc",09260D107,359557,NS,,USD,53782536.06,,0.206922387876,Long,EC,,CORP,,US,N,1,
0001752724-25-204872,152729578,American Express Co,R4PP93JZOLY261QX3811,American Express Co,025816109,272642,NS,,USD,86967345.16,,0.334597288377,Long,EC,,CORP,,US,N,1,
0001752724-25-204872,152729665,Chevron Corp,,Chevron Corp,166764100,799999,NS,,USD,114551856.81,,0.440725660841,Long,EC,,CORP,,US,N,1,
0001752724-25-204872,152729807,Jabil Inc,5493000CGCQY2OQU7669,Jabil Inc,466313103,53594,NS,,USD,11688851.4,,0.044971569219,Long,EC,,CORP,,US,N,1,
0001752724-25-204872,152729437,Vistra Corp,549300KP43CPCUJOOG15,Vistra Corp,92840M102,167134,NS,,USD,32392240.54,,0.124625580201,Long,EC,,CORP,,US,N,1,
0001752724-25-204872,152729475,Pentair PLC,549300EVR9D56WPSRP15,Pentair plc,G7S00T104,80845,NS,,USD,8299547.7,,0.031931596279,Long,EC,,CORP,,US,N,1,
0001752724-25-204872,152729543,Weyerhaeuser Co,08IRJODWFYBI7QWRGS31,Weyerhaeuser Co,962166104,355016,NS,,USD,9120361.04,,0.035089585262,Long,EC,,CORP,,US,N,1,
0001752724-25-204872,152729682,Expand Energy Corp,X2MT1W32SPAZ9WSKLE78,Chesapeake Energy Corp,165167735,102893,NS,,USD,12032307.42,,0.046292978453,Long,EC,,CORP,,US,N,1,
0001752724-25-204872,152729686,Kinder Morgan Inc,549300WR7IX8XE0TBO16,"Kinder Morgan, Inc",49456B101,972775,NS,,USD,28599585,,0.110033755453,Long,EC,,CORP,,US,N,1,
0001752724-25-204872,152729443,J M Smucker Co/The,5493000WDH6A0LHDJD55,J.M. Smucker Co,832696405,52067,NS,,USD,5112979.4,,0.019671625477,Long,EC,,CORP,,US,N,1,
0001752724-25-204872,152729498,Ameren Corp,XRZQ5S7HYJFPHJ78L959,Ameren Corp,023608102,132057,NS,,USD,12682754.28,,0.048795501155,Long,EC,,CORP,,US,N,1,
0001752724-25-204872,152729908,Home Depot Inc/The,QEKMOTMBBKA8I816DO57,"Home Depot, Inc",437076102,487987,NS,,USD,178915553.68,,0.688357900311,Long,EC,,CORP,,US,N,1,
0001752724-25-204872,152729440,Healthpeak Properties Inc,254900M6MTMZM0I22L81,"Healthpeak Properties, Inc",42250P103,345261,NS,,USD,6045520.11,,0.023259473218,Long,EC,,CORP,,US,N,1,
0001752724-25-204872,152729961,Lockheed Martin Corp,DPRBOZP0K5RM2YE8UU08,Lockheed Martin Corp,539830109,102913,NS,,USD,47663126.82,,0.183378634362,Long,EC,,CORP,,US,N,1,
0001752724-25-204872,152729851,CSX Corp,549300JVQR4N1MMP3Q88,CSX Corp,126408103,943540,NS,,USD,30787710.2,,0.118452326322,Long,EC,,CORP,,US,N,1,
0001752724-25-204872,152729588,Erie Indemnity Co,549300WA5KP94KRUFZ80,Erie Indemnity Co (Class A),29530P102,14294,NS,,USD,4957016.26,,0.019071574462,Long,EC,,CORP,,US,N,1,
0001752724-25-204872,152729677,Akamai Technologies Inc,OC1LZNN2LF5WTJ5RIL89,"Akamai Technologies, Inc",00971T101,73503,NS,,USD,5862599.28,,0.022555705458,Long,EC,,CORP,,US,N,1,
0001752724-25-204872,152729607,Verisk Analytics Inc,549300I1YSWNIRKBWP67,"Verisk Analytics, Inc",92345Y106,69092,NS,,USD,21522158,,0.082804134052,Long,EC,,CORP,,US,N,1,
0001752724-25-204872,152729618,Western Digital Corp,549300QQXOOYEF89IC56,Western Digital Corp,958102105,170182,NS,,USD,10889946.18,,0.041897869317,Long,EC,,CORP,,US,N,1,
0001752724-25-204872,152729749,Las Vegas Sands Corp,549300DUOO1KXOHPM605,Las Vegas Sands Corp,517834107,168135,NS,,USD,7315553.85,,0.028145788246,Long,EC,,CORP,,US,N,1,
0001752724-25-204872,152729786,Raymond James Financial Inc,RGUZHJ05YTITL6D76949,"Raymond James Financial, Inc",754730109,90231,NS,,USD,13838728.47,,0.053242984618,Long,EC,,CORP,,US,N,1,
0001752724-25-204872,152729466,HP Inc,WHKXQACZ14C5XRO8LW03,"HP, Inc",40434L105,458846,NS,,USD,11223373.16,,0.043180692924,Long,EC,,CORP,,US,N,1,
0001752724-25-204872,152730018,Match Group Inc,15OMOPB0A8K0EFUVD031,"Match Group, Inc",57667L107,122847,NS,,USD,3794743.83,,0.014599859214,Long,EC,,CORP,,US,N,1,
0001752724-25-204872,152729586,Mastercard Inc,AR5L2ODV9HN37376R084,"Mastercard, Inc (Class A)",57636Q104,400073,NS,,USD,224817021.62,,0.864958746031,Long,EC,,CORP,,US,N,1,
0001752724-25-204872,152729484,Texas Instruments Inc,WDJNR2L6D8RWOEB8T652,"Texas Instruments, Inc",882508104,447199,NS,,USD,92847456.38,,0.357220369098,Long,EC,,CORP,,US,N,1,
0001752724-25-204872,152729527,Juniper Networks Inc,AUHIXNGG7U2U7JEHM527,"Juniper Networks, Inc",48203R104,161991,NS,,USD,6468300.63,,0.024886074735,Long,EC,,CORP,,US,N,1,
0001752724-25-204872,152729702,Goldman Sachs Group Inc/The,784F5XWPLTWKTBV3E584,"Goldman Sachs Group, Inc",38141G104,151098,NS,,USD,106939609.5,,0.411438377164,Long,EC,,CORP,,US,N,1,
0001752724-25-204872,152729794,Walt Disney Co/The,549300GZKULIZ0WOW665,Walt Disney Co,254687106,888071,NS,,USD,110129684.71,,0.423711840416,Long,EC,,CORP,,US,N,1,
0001752724-25-204872,152729471,CDW Corp/DE,9845001B052ABF0B6755,CDW Corp,12514G108,65203,NS,,USD,11644603.77,,0.044801331333,Long,EC,,CORP,,US,N,1,
0001752724-25-204872,152729559,RTX Corp,I07WOS4YJ0N7YRFE7309,RTX Corp,75513E101,654400,NS,,USD,95555488,,0.367639222694,Long,EC,,CORP,,US,N,1,
0001752724-25-204872,152729566,AutoZone Inc,GA3JGKJ41LJKXDN23E90,"Autozone, Inc",053332102,8211,NS,,USD,30481120.53,,0.117272756312,Long,EC,,CORP,,US,N,1,
0001752724-25-204872,152729614,CoStar Group Inc,984500Q1D53D08E2E698,"CoStar Group, Inc",22160N109,206199,NS,,USD,16578399.6,,0.063783567747,Long,EC,,CORP,,US,N,1,
0001752724-25-204872,152729725,Allstate Corp/The,OBT0W1ED8G0NWVOLOJ77,Allstate Corp,020002101,129660,NS,,USD,26101854.6,,0.100424012653,Long,EC,,CORP,,US,N,1,
0001752724-25-204872,152729871,Southwest Airlines Co,UDTZ87G0STFETI6HGH41,Southwest Airlines Co,844741108,291150,NS,,USD,9444906,,0.036338236274,Long,EC,,CORP,,US,N,1,
0001752724-25-204872,152729627,Exxon Mobil Corp,J3WHBG0MTS7O8ZVMDC91,Exxon Mobil Corp,30231G102,2122825,NS,,USD,228840535,,0.880438770909,Long,EC,,CORP,,US,N,1,
0001752724-25-204872,152729801,Bank of America Corp,9DJT3UXIJIZJI4WXO774,Bank of America Corp,060505104,3227216,NS,,USD,152711861.12,,0.587542077315,Long,EC,,CORP,,US,N,1,
0001752724-25-204872,152729644,NetApp Inc,QTX3D84DZDD5JYOCYH15,"NetApp, Inc",64110D104,99473,NS,,USD,10598848.15,,0.040777901687,Long,EC,,CORP,,US,N,1,
0001752724-25-204872,152729733,Zebra Technologies Corp,PO0I32GKZ3HZMMDPZZ08,Zebra Technologies Corp (Class A),989207105,25139,NS,,USD,7751862.04,,0.029824435984,Long,EC,,CORP,,US,N,1,
0001752724-25-204872,152729985,McKesson Corp,549300WZWOM80UCFSF54,McKesson Corp,58155Q103,61566,NS,,USD,45114333.48,,0.173572432521,Long,EC,,CORP,,US,N,1,
0001752724-25-204872,152729542,Alphabet Inc,5493006MHB84DD0ZWV18,"Alphabet, Inc",02079K107,2312276,NS,,USD,410174639.64,,1.578101779839,Long,EC,,CORP,,US,N,1,
0001752724-25-204872,152729857,Amazon.com Inc,ZXTILKJKG63JELOEG630,"Amazon.com, Inc",023135106,4653719,NS,,USD,1020979411.41,,3.928105910545,Long,EC,,CORP,,US,N,1,
0001752724-25-204872,152729695,Nasdaq Inc,549300L8X1Q78ERXFD06,"Nasdaq Stock Market, Inc",631103108,202479,NS,,USD,18105672.18,,0.069659580898,Long,EC,,CORP,,US,N,1,
0001752724-25-204872,152729822,NextEra Energy Inc,254900RHL9MEUS5NKX63,"NextEra Energy, Inc",65339F101,1010203,NS,,USD,70128292.26,,0.269810885747,Long,EC,,CORP,,US,N,1,
0001752724-25-204872,152729738,Chubb Ltd,E0JAN6VLUDI1HITHT809,Chubb Ltd,H1467J104,184940,NS,,USD,53580816.8,,0.206146295225,Long,EC,,CORP,,US,N,1,
0001752724-25-204872,152729743,Loews Corp,R8V1FN4M5ITGZOG7BS19,Loews Corp,540424108,86862,NS,,USD,7961770.92,,0.030632037296,Long,EC,,CORP,,US,N,1,
0001752724-25-204872,152729975,Target Corp,8WDDFXB5T1Z6J0XC1L66,Target Corp,87612E106,224195,NS,,USD,22116836.75,,0.085092095089,Long,EC,,CORP,,US,N,1,
0001752724-25-204872,152729462,Kroger Co/The,6CPEOKI6OYJ13Q6O7870,Kroger Co,501044101,301757,NS,,USD,21645029.61,,0.083276869048,Long,EC,,CORP,,US,N,1,
0001752724-25-204872,152729535,Hologic Inc,549300DYP6F5ZJL0LB74,"Hologic, Inc",436440101,109787,NS,,USD,7153720.92,,0.02752315386,Long,EC,,CORP,,US,N,1,
0001752724-25-204872,152729778,Ralliant Corp,,Ralliant Corp,750940108,55647.333,NS,,USD,2698339.18,,0.010381563,Long,EC,,CORP,,US,N,2,
0001752724-25-204872,152729413,Fox Corp,549300DDU6FDRBIELS05,Fox Corp (Class A),35137L105,106591,NS,,USD,5973359.64,,0.022981843752,Long,EC,,CORP,,US,N,1,
0001752724-25-204872,152729595,ConocoPhillips,WPTL2Z3FIYTHSP5V2253,ConocoPhillips,20825C104,624257,NS,,USD,56020823.18,,0.215533951211,Long,EC,,CORP,,US,N,1,
0001752724-25-204872,152729613,Federal Farm Credit Discount Notes,,Federal Farm Credit Discount Notes,313313JV1,5000000,PA,,USD,4982045.85,,0.019167873055,Long,STIV,,USGSE,,US,N,2,
0001752724-25-204872,152729995,Eversource Energy,SJ7XXD41SQU3ZNWUJ746,Eversource Energy,30040W108,179459,NS,,USD,11417181.58,,0.043926349488,Long,EC,,CORP,,US,N,1,
0001752724-25-204872,152729621,Motorola Solutions Inc,6S552MUG6KGJVEBSEC55,"Motorola Solutions, Inc",620076307,82098,NS,,USD,34518925.08,,0.132807764894,Long,EC,,CORP,,US,N,1,
0001752724-25-204872,152730003,Corning Inc,549300X2937PB0CJ7I56,"Corning, Inc",219350105,377193,NS,,USD,19836579.87,,0.076319057721,Long,EC,,CORP,,US,N,1,
0001752724-25-204872,152729762,General Mills Inc,2TGYMUGI08PO8X8L6150,"General Mills, Inc",370334104,283643,NS,,USD,14695543.83,,0.05653948741,Long,EC,,CORP,,US,N,1,
0001752724-25-204872,152729463,Brown-Forman Corp,549300873K3LXF7ARU34,Brown-Forman Corp (Class B),115637209,89107,NS,,USD,2397869.37,,0.009225538477,Long,EC,,CORP,,US,N,1,
0001752724-25-204872,152729989,Henry Schein Inc,VGO3WGL8H45T73F4RR92,"Henry Schein, Inc",806407102,61005,NS,,USD,4456415.25,,0.017145567175,Long,EC,,CORP,,US,N,1,
0001752724-25-204872,152729609,Otis Worldwide Corp,549300ZLBKR8VSU25153,Otis Worldwide Corp,68902V107,194010,NS,,USD,19210870.2,,0.073911708635,Long,EC,,CORP,,US,N,1,
0001752724-25-204872,152730022,United Parcel Service Inc,D01LMJZU09ULLNCY6Z23,"United Parcel Service, Inc (Class B)",911312106,359286,NS,,USD,36266328.84,,0.139530708531,Long,EC,,CORP,,US,N,1,
0001752724-25-204872,152729461,Interpublic Group of Cos Inc/The,5493008IUOJ5VWTRC333,"Interpublic Group of Cos, Inc",460690100,182267,NS,,USD,4461896.16,,0.017166654373,Long,EC,,CORP,,US,N,1,
0001752724-25-204872,152729478,CBRE Group Inc,52990016II9MJ2OSWA10,"CBRE Group, Inc",12504L109,144623,NS,,USD,20264574.76,,0.077965720953,Long,EC,,CORP,,US,N,1,
0001752724-25-204872,152729931,Norwegian Cruise Line Holdings Ltd,,Norwegian Cruise Line Holdings Ltd,G66721104,244918,NS,,USD,4966937.04,,0.019109743571,Long,EC,,CORP,,US,N,1,
0001752724-25-204872,152729567,Estee Lauder Cos Inc/The,549300VFZ8XJ9NUPU221,Estee Lauder Cos (Class A),518439104,114578,NS,,USD,9257902.4,,0.035618760506,Long,EC,,CORP,,US,N,1,
0001752724-25-204872,152729841,Gen Digital Inc,YF6ZV0M6AU4FY94MK914,"Gen Digital, Inc",668771108,265360,NS,,USD,7801584,,0.030015735752,Long,EC,,CORP,,US,N,1,
0001752724-25-204872,152729492,Targa Resources Corp,5493003QENHHS261UR94,Targa Resources Corp,87612G101,106695,NS,,USD,18573465.6,,0.071459364593,Long,EC,,CORP,,US,N,1,
0001752724-25-204872,152729963,Norfolk Southern Corp,54930036C8MWP850MI84,Norfolk Southern Corp,655844108,111236,NS,,USD,28473078.92,,0.109547037234,Long,EC,,CORP,,US,N,1,
0001752724-25-204872,152729416,Global Payments Inc,549300NOMHGVQBX6S778,"Global Payments, Inc",37940X102,121154,NS,,USD,9697166.16,,0.037308779474,Long,EC,,CORP,,US,N,1,
0001752724-25-204872,152729711,Realty Income Corp,549300CUWDAUZSH43859,Realty Income Corp,756109104,444416,NS,,USD,25602805.76,,0.098503977169,Long,EC,,CORP,,US,N,1,
0001752724-25-204872,152729534,Uber Technologies Inc,549300B2FTG34FILDR98,"Uber Technologies, Inc",90353T100,1026218,NS,,USD,95746139.4,,0.368372732971,Long,EC,,CORP,,US,N,1,
0001752724-25-204872,152729706,Align Technology Inc,549300N5YSE0U3LCP840,"Align Technology, Inc",016255101,34335,NS,,USD,6500645.55,,0.025010518255,Long,EC,,CORP,,US,N,1,
0001752724-25-204872,152729965,Intel Corp,KNX4USFCNGPY45LOCE31,Intel Corp,458140100,2127109,NS,,USD,47647241.6,,0.183317517727,Long,EC,,CORP,,US,N,1,
0001752724-25-204872,152730012,EPAM Systems Inc,549300XCR4R530HJP604,"EPAM Systems, Inc",29414B104,27752,NS,,USD,4907108.64,,0.018879560387,Long,EC,,CORP,,US,N,1,
0001752724-25-204872,152729457,Edison International,549300I7ROF15MAEVP56,Edison International,281020107,189427,NS,,USD,9774433.2,,0.037606055906,Long,EC,,CORP,,US,N,1,
0001752724-25-204872,152729826,Honeywell International Inc,ISRPG12PN4EIEOEMW547,"Honeywell International, Inc",438516106,319432,NS,,USD,74389324.16,,0.286204736989,Long,EC,,CORP,,US,N,1,
0001752724-25-204872,152729833,Apple Inc,HWUPKR0MPOU8FGXBT394,"Apple, Inc",037833100,7356385,NS,,USD,1509309510.45,,5.806902218188,Long,EC,,CORP,,US,N,1,
0001752724-25-204872,152729531,Monster Beverage Corp,52990090AP0E7HCB6F33,Monster Beverage Corp,61174X109,342605,NS,,USD,21460777.2,,0.08256797818,Long,EC,,CORP,,US,N,1,
0001752724-25-204872,152729620,Hartford Insurance Group Inc/The,IU7C3FTM7Y3BQM112U94,"Hartford Financial Services Group, Inc",416515104,140711,NS,,USD,17852004.57,,0.068683622688,Long,EC,,CORP,,US,N,1,
0001752724-25-204872,152729655,Colgate-Palmolive Co,YMEGZFW4SBUSS5BQXF88,Colgate-Palmolive Co,194162103,397070,NS,,USD,36093663,,0.138866395716,Long,EC,,CORP,,US,N,1,
0001752724-25-204872,152729831,Broadridge Financial Solutions Inc,549300KZDJZQ2YIHRC28,"Broadridge Financial Solutions, Inc",11133T103,57255,NS,,USD,13914682.65,,0.053535209966,Long,EC,,CORP,,US,N,1,
0001752724-25-204872,152729936,Public Storage,254900GLQZAD4N7N5Q19,"Public Storage, Inc",74460D109,77110,NS,,USD,22625616.2,,0.087049568024,Long,EC,,CORP,,US,N,1,
0001752724-25-204872,152729732,Franklin Resources Inc,RIFQSET379FOGTEFKS80,"Franklin Resources, Inc",354613101,151675,NS,,USD,3617448.75,,0.013917735908,Long,EC,,CORP,,US,N,1,
0001752724-25-204872,152729944,Aptiv PLC,,Aptiv plc,G3265R107,112263,NS,,USD,7658581.86,,0.029465550758,Long,EC,,CORP,,US,N,1,
0001752724-25-204872,152729411,News Corp,549300ITS31QK8VRBQ14,News Corp (Class B),65249B208,54650,NS,,USD,1875041.5,,0.007214015793,Long,EC,,CORP,,US,N,1,
0001752724-25-204872,152729424,Aflac Inc,549300N0B7DOGLXWPP39,"Aflac, Inc",001055102,242182,NS,,USD,25540513.72,,0.098264315402,Long,EC,,CORP,,US,N,1,
0001752724-25-204872,152729617,Hershey Co/The,21X2CX66SU2BR6QTAD08,Hershey Co,427866108,72287,NS,,USD,11996027.65,,0.046153396031,Long,EC,,CORP,,US,N,1,
0001752724-25-204872,152729757,HCA Healthcare Inc,529900PH4ZGUH2MNEU89,"HCA, Inc",40412C101,85307,NS,,USD,32681111.7,,0.125736980195,Long,EC,,CORP,,US,N,1,
0001752724-25-204872,152729493,Cigna Group/The,549300VIWYMSIGT1U456,Cigna Group,125523100,131576,NS,,USD,43496394.08,,0.16734758876,Long,EC,,CORP,,US,N,1,
0001752724-25-204872,152729514,Palantir Technologies Inc,549300UVN46B3BBDHO85,"Palantir Technologies, Inc",69608A108,1047638,NS,,USD,142814012.16,,0.549461192855,Long,EC,,CORP,,US,N,1,
0001752724-25-204872,152729635,Dollar General Corp,OPX52SQVOZI8IVSWYU66,Dollar General Corp,256677105,108038,NS,,USD,12357386.44,,0.047543684203,Long,EC,,CORP,,US,N,1,
0001752724-25-204872,152729849,Hewlett Packard Enterprise Co,549300BX44RGX6ANDV88,Hewlett Packard Enterprise Co,42824C109,642632,NS,,USD,13141824.4,,0.050561722914,Long,EC,,CORP,,US,N,1,
0001752724-25-204872,152729528,Medtronic PLC,549300GX3ZBSQWUXY261,Medtronic plc,G5960L103,627400,NS,,USD,54690458,,0.210415517609,Long,EC,,CORP,,US,N,1,
0001752724-25-204872,152729562,Cencora Inc,AI8GXW8LG5WK7E9UD086,AmerisourceBergen Corp,03073E105,86931,NS,,USD,26066260.35,,0.100287067694,Long,EC,,CORP,,US,N,1,
0001752724-25-204872,152729708,Applied Materials Inc,41BNNE1AFPNAZELZ6K07,"Applied Materials, Inc",038222105,401873,NS,,USD,73570890.11,,0.283055902063,Long,EC,,CORP,,US,N,1,
0001752724-25-204872,152729758,Carrier Global Corp,549300JE3W6CWY2NAN77,Carrier Global Corp,14448C104,395123,NS,,USD,28919052.37,,0.111262870996,Long,EC,,CORP,,US,N,1,
0001752724-25-204872,152729769,Federal Home Loan Bank Discount Notes,2549001DPIFGXC1TOL40,Federal Home Loan Bank Discount Notes,313385JG2,10000000,PA,,USD,9979150,,0.038393681262,Long,STIV,,USGSE,,US,N,2,
0001752724-25-204872,152729812,Micron Technology Inc,B3DXGBC8GAIYWI2Z0172,"Micron Technology, Inc",595112103,547334,NS,,USD,67458915.5,,0.25954075247,Long,EC,,CORP,,US,N,1,
0001752724-25-204872,152729813,Chinook Therapeutics Inc,549300X0O3003W5QYQ48,"Chinook Therapeutics, Inc",,28644,NS,,USD,286.44,,1.102046e-06,Long,EC,,CORP,,US,N,3,
0001752724-25-204872,152729504,Digital Realty Trust Inc,549300HKCZ31D08NEI41,"Digital Realty Trust, Inc",253868103,154826,NS,,USD,26990816.58,,0.103844196027,Long,EC,,CORP,,US,N,1,
0001752724-25-204872,152729640,Ameriprise Financial Inc,6ZLKQF7QB6JAEKQS5388,"Ameriprise Financial, Inc",03076C106,47069,NS,,USD,25122137.37,,0.096654658444,Long,EC,,CORP,,US,N,1,
0001752724-25-204872,152729721,Thermo Fisher Scientific Inc,HCHV7422L5HDJZCRFL38,"Thermo Fisher Scientific, Inc",883556102,185935,NS,,USD,75389205.1,,0.290051668853,Long,EC,,CORP,,US,N,1,
0001752724-25-204872,152729873,FirstEnergy Corp,549300SVYJS666PQJH88,FirstEnergy Corp,337932107,250962,NS,,USD,10103730.12,,0.038872989562,Long,EC,,CORP,,US,N,1,
0001752724-25-204872,152729494,Archer-Daniels-Midland Co,549300LO13MQ9HYSTR83,Archer-Daniels-Midland Co,039483102,234137,NS,,USD,12357750.86,,0.047545086268,Long,EC,,CORP,,US,N,1,
0001752724-25-204872,152729817,Mohawk Industries Inc,549300JI1115MG3Q6322,"Mohawk Industries, Inc",608190104,25635,NS,,USD,2687573.4,,0.010340142846,Long,EC,,CORP,,US,N,1,
0001752724-25-204872,152729444,Johnson Controls International plc,549300XQ6S1GYKGBL205,Johnson Controls International plc,G51502105,324292,NS,,USD,34251721.04,,0.13177972676,Long,EC,,CORP,,US,N,1,
0001752724-25-204872,152729736,Fifth Third Bancorp,THRNG6BD57P9QWTQLG42,Fifth Third Bancorp,316773100,329050,NS,,USD,13533826.5,,0.052069907848,Long,EC,,CORP,,US,N,1,
0001752724-25-204872,152729540,Rollins Inc,549300F2A0BXT4SGWD84,"Rollins, Inc",775711104,137413,NS,,USD,7752841.46,,0.029828204195,Long,EC,,CORP,,US,N,1,
0001752724-25-204872,152729821,Fox Corp,549300DDU6FDRBIELS05,Fox Corp (Class B),35137L204,64549,NS,,USD,3332664.87,,0.012822061275,Long,EC,,CORP,,US,N,1,
0001752724-25-204872,152729904,OmniAb Operations Inc,,"OmniAb Operations, Inc",68218J202,3255,NS,,USD,32.55,,1.25232e-07,Long,EC,,CORP,,US,N,3,
0001752724-25-204872,152729700,Principal Financial Group Inc,CUMYEZJOAF02RYZ1JJ85,Principal Financial Group,74251V102,102961,NS,,USD,8178192.23,,0.031464694466,Long,EC,,CORP,,US,N,1,
0001752724-25-204872,152729853,Super Micro Computer Inc,54930022CZO1N2UGVW07,"Super Micro Computer, Inc",86800U302,247387,NS,,USD,12124436.87,,0.046647436372,Long,EC,,CORP,,US,N,1,
0001752724-25-204872,152729647,Old Dominion Freight Line Inc,5299009TWK32WE417T96,Old Dominion Freight Line,679580100,91925,NS,,USD,14919427.5,,0.057400855188,Long,EC,,CORP,,US,N,1,
0001752724-25-204872,152729792,Bio-Techne Corp,54930073RLKQ51TILZ35,Bio-Techne Corp,09073M104,77348,NS,,USD,3979554.6,,0.01531089831,Long,EC,,CORP,,US,N,1,
0001752724-25-204872,152729452,Oracle Corp,1Z4GXXU7ZHVWFCD8TV52,Oracle Corp,68389X105,801088,NS,,USD,175141869.44,,0.67383906555,Long,EC,,CORP,,US,N,1,
0001752724-25-204872,152729508,Hilton Worldwide Holdings Inc,549300HVGPK36ICB0B89,"Hilton Worldwide Holdings, Inc",43300A203,117719,NS,,USD,31353278.46,,0.120628287953,Long,EC,,CORP,,US,N,1,
0001752724-25-204872,152729697,Duke Energy Corp,I1BZKREC126H0VB1BL91,Duke Energy Corp,26441C204,381209,NS,,USD,44982662,,0.173065840995,Long,EC,,CORP,,US,N,1,
0001752724-25-204872,152729802,IQVIA Holdings Inc,549300W3R20NM4KQPH86,"IQVIA Holdings, Inc",46266C105,81253,NS,,USD,12804660.27,,0.049264521034,Long,EC,,CORP,,US,N,1,
0001752724-25-204872,152729472,Mid-America Apartment Communities Inc,549300FQZKFR5YNSHZ21,"Mid-America Apartment Communities, Inc",59522J103,57199,NS,,USD,8466023.99,,0.032572095482,Long,EC,,CORP,,US,N,1,
0001752724-25-204872,152729688,Regeneron Pharmaceuticals Inc,549300RCBFWIRX3HYQ56,"Regeneron Pharmaceuticals, Inc",75886F107,51476,NS,,USD,27024900,,0.103975328234,Long,EC,,CORP,,US,N,1,
0001752724-25-204872,152729716,Cognizant Technology Solutions Corp,5493006IEVQEFQO40L83,Cognizant Technology Solutions Corp (Class A),192446102,242007,NS,,USD,18883806.21,,0.072653365932,Long,EC,,CORP,,US,N,1,
0001752724-25-204872,152729518,Axon Enterprise Inc,549300QP2IEEGFE16681,"Axon Enterprise, Inc",05464C101,35587,NS,,USD,29463900.78,,0.113359115285,Long,EC,,CORP,,US,N,1,
0001752724-25-204872,152729643,ONEOK Inc,2T3D6M0JSY48PSZI1Q41,"ONEOK, Inc",682680103,303565,NS,,USD,24780010.95,,0.095338364699,Long,EC,,CORP,,US,N,1,
0001752724-25-204872,152729739,Vulcan Materials Co,549300Q8LSNHAVWBNI21,Vulcan Materials Co,929160109,64615,NS,,USD,16852884.3,,0.064839617419,Long,EC,,CORP,,US,N,1,
0001752724-25-204872,152729967,AES Corp/The,2NUNNB7D43COUIRE5295,AES Corp,00130H105,417761,NS,,USD,4394845.72,,0.016908685185,Long,EC,,CORP,,US,N,1,
0001752724-25-204872,152729431,Domino's Pizza Inc,25490005ZWM1IF9UXU57,"Domino's Pizza, Inc",25754A201,16896,NS,,USD,7613337.6,,0.029291478448,Long,EC,,CORP,,US,N,1,
0001752724-25-204872,152729787,Altria Group Inc,XSGZFLO9YTNO9VCQV219,"Altria Group, Inc",02209S103,832573,NS,,USD,48813754.99,,0.187805549601,Long,EC,,CORP,,US,N,1,
0001752724-25-204872,152729875,Crowdstrike Holdings Inc,549300YBY08K9KM4HX32,"Crowdstrike Holdings, Inc",22788C105,122676,NS,,USD,62480113.56,,0.240385360002,Long,EC,,CORP,,US,N,1,
0001752724-25-204872,152729918,Regency Centers Corp,529900053A7X7FJ97S58,Regency Centers Corp,758849103,79865,NS,,USD,5688783.95,,0.021886970107,Long,EC,,CORP,,US,N,1,
0001752724-25-204872,152729666,Essex Property Trust Inc,549300TR2H2VEFX0NC60,"Essex Property Trust, Inc",297178105,31445,NS,,USD,8911513,,0.034286065415,Long,EC,,CORP,,US,N,1,
0001752724-25-204872,152729672,Fastenal Co,529900PP0C7H2HHPSJ32,Fastenal Co,311900104,561130,NS,,USD,23567460,,0.09067320838,Long,EC,,CORP,,US,N,1,
0001752724-25-204872,152729530,eBay Inc,OML71K8X303XQONU6T67,"eBay, Inc",278642103,234365,NS,,USD,17450817.9,,0.067140101133,Long,EC,,CORP,,US,N,1,
0001752724-25-204872,152729698,Waste Management Inc,549300YX8JIID70NFS41,"Waste Management, Inc",94106L109,179426,NS,,USD,41056257.32,,0.157959431151,Long,EC,,CORP,,US,N,1,
0001752724-25-204872,152729649,Danaher Corp,S4BKK9OTCEWQ3YHPFM11,Danaher Corp,235851102,314395,NS,,USD,62105588.3,,0.238944415286,Long,EC,,CORP,,US,N,1,
0001752724-25-204872,152729705,Eli Lilly & Co,FRDRIPF3EKNDJ2CQJL29,Eli Lilly & Co,532457108,387069,NS,,USD,301731897.57,,1.160880265556,Long,EC,,CORP,,US,N,1,
0001752724-25-204872,152729942,ON Semiconductor Corp,ZV20P4CNJVT8V1ZGJ064,ON Semiconductor Corp,682189105,206196,NS,,USD,10806732.36,,0.041577713304,Long,EC,,CORP,,US,N,1,
0001752724-25-204872,152729664,Deckers Outdoor Corp,5493008LG4W3I6K8J118,Deckers Outdoor Corp,243537107,74259,NS,,USD,7653875.13,,0.029447442133,Long,EC,,CORP,,US,N,1,
0001752724-25-204872,152729892,Church & Dwight Co Inc,POOXSI30AWAQGYJZC921,"Church & Dwight Co, Inc",171340102,120348,NS,,USD,11566646.28,,0.04450139847,Long,EC,,CORP,,US,N,1,
0001752724-25-204872,152729997,Union Pacific Corp,549300LMMRSZZCZ8CL11,Union Pacific Corp,907818108,296854,NS,,USD,68300168.32,,0.262777380102,Long,EC,,CORP,,US,N,1,
0001752724-25-204872,152729470,Globe Life Inc,5493001JFHKQOPP6XA71,"Globe Life, Inc",37959E102,41073,NS,,USD,5104963.17,,0.019640783915,Long,EC,,CORP,,US,N,1,
0001752724-25-204872,152729648,Synopsys Inc,QG7T915N9S0NY5UKNE63,"Synopsys, Inc",871607107,75936,NS,,USD,38930868.48,,0.149782231521,Long,EC,,CORP,,US,N,1,
0001752724-25-204872,152729793,T-Mobile US Inc,549300QHIJYOHPACPG31,"T-Mobile US, Inc",872590104,234625,NS,,USD,55901752.5,,0.215075839876,Long,EC,,CORP,,US,N,1,
0001752724-25-204872,152729916,Stanley Black & Decker Inc,549300DJ09SMTO561131,"Stanley Black & Decker, Inc",854502101,75430,NS,,USD,5110382.5,,0.01966163419,Long,EC,,CORP,,US,N,1,
0001752724-25-204872,152729954,ServiceNow Inc,549300HJTQM36M0E1G39,"ServiceNow, Inc",81762P102,101197,NS,,USD,104038611.76,,0.400277107659,Long,EC,,CORP,,US,N,1,
0001752724-25-204872,152729454,Waters Corp,5T547R1474YC9HOD8Q74,Waters Corp,941848103,29052,NS,,USD,10140310.08,,0.039013726932,Long,EC,,CORP,,US,N,1,
0001752724-25-204872,152729425,O'Reilly Automotive Inc,549300K2RLMQL149Q332,"O'Reilly Automotive, Inc",67103H107,421875,NS,,USD,38023593.75,,0.146291591858,Long,EC,,CORP,,US,N,1,
0001752724-25-204872,152729773,Philip Morris International Inc,HL3H1H2BGXWVG3BSWR90,"Philip Morris International, Inc",718172109,763818,NS,,USD,139114172.34,,0.535226466373,Long,EC,,CORP,,US,N,1,
0001752724-25-204872,152729442,Molina Healthcare Inc,549300NQQCEQ46YHZ591,"Molina Healthcare, Inc",60855R100,27276,NS,,USD,8125520.4,,0.031262045397,Long,EC,,CORP,,US,N,1,
0001752724-25-204872,152729755,Mosaic Co/The,2YD5STGSJNMUB7H76907,Mosaic Co,61945C103,155414,NS,,USD,5669502.72,,0.021812787697,Long,EC,,CORP,,US,N,1,
0001752724-25-204872,152729441,Solventum Corp,254900I70403OSGY4M28,Solventum Corp,83444M101,67893,NS,,USD,5149005.12,,0.01981023047,Long,EC,,CORP,,US,N,1,
0001752724-25-204872,152729488,Skyworks Solutions Inc,549300WZ3ORQ2BVKBD96,"Skyworks Solutions, Inc",83088M102,78647,NS,,USD,5860774.44,,0.022548684587,Long,EC,,CORP,,US,N,1,
0001752724-25-204872,152729503,West Pharmaceutical Services Inc,5493007NKRGM1RJQ1P16,"West Pharmaceutical Services, Inc",955306105,35435,NS,,USD,7753178,,0.029829498995,Long,EC,,CORP,,US,N,1,
0001752724-25-204872,152729560,PG&E Corp,8YQ2GSDWYZXO2EDN3511,PG&E Corp,69331C108,1073277,NS,,USD,14961481.38,,0.057562652863,Long,EC,,CORP,,US,N,1,
0001752724-25-204872,152729630,Gilead Sciences Inc,549300WTZWR07K8MNV44,"Gilead Sciences, Inc",375558103,612219,NS,,USD,67876720.53,,0.261148211337,Long,EC,,CORP,,US,N,1,
0001752724-25-204872,152729714,Emerson Electric Co,FGLT0EWZSUIRRITFOA30,Emerson Electric Co,291011104,275907,NS,,USD,36786680.31,,0.141532703539,Long,EC,,CORP,,US,N,1,
0001752724-25-204872,152729797,Humana Inc,529900YLDW34GJAO4J06,"Humana, Inc",444859102,59028,NS,,USD,14431165.44,,0.055522320653,Long,EC,,CORP,,US,N,1,
0001752724-25-204872,152729553,Amcor PLC,549300GSODGFCDQ3DI89,Amcor plc,G0250X107,1112555,NS,,USD,10224380.45,,0.039337178427,Long,EC,,CORP,,US,N,1,
0001752724-25-204872,152729701,PTC Inc,54930050SSMU8SKDJ030,"PTC, Inc",69370C100,58873,NS,,USD,10146172.82,,0.039036283178,Long,EC,,CORP,,US,N,1,
0001752724-25-204872,152729927,Trimble Inc,549300E2MI7NSZFQWS19,Trimble Inc,896239100,120262,NS,,USD,9137506.76,,0.035155551532,Long,EC,,CORP,,US,N,1,
0001752724-25-204872,152729940,MarketAxess Holdings Inc,5493002U1CA1XJOVID83,"MarketAxess Holdings, Inc",57060D108,18671,NS,,USD,4169981.14,,0.016043543464,Long,EC,,CORP,,US,N,1,
0001752724-25-204872,152729512,Dominion Energy Inc,ILUL7B6Z54MRYCF6H308,"Dominion Energy, Inc",25746U109,410990,NS,,USD,23229154.8,,0.089371616358,Long,EC,,CORP,,US,N,1,
0001752724-25-204872,152729865,NIKE Inc,787RXPR0UX0O0XUXPZ81,"Nike, Inc (Class B)",654106103,577958,NS,,USD,41058136.32,,0.157966660397,Long,EC,,CORP,,US,N,1,
0001752724-25-204872,152729420,Expedia Group Inc,CI7MUJI4USF3V0NJ1H64,"Expedia Group, Inc",30212P303,60345,NS,,USD,10178994.6,,0.039162561364,Long,EC,,CORP,,US,N,1,
0001752724-25-204872,152729603,Universal Health Services Inc,549300YGMGQDO0NMJD09,"Universal Health Services, Inc (Class B)",913903100,28727,NS,,USD,5203896.05,,0.020021417281,Long,EC,,CORP,,US,N,1,
0001752724-25-204872,152729605,Procter & Gamble Co/The,2572IBTT8CCZW6AU4141,Procter & Gamble Co,742718109,1151902,NS,,USD,183521026.64,,0.706076950619,Long,EC,,CORP,,US,N,1,
0001752724-25-204872,152729709,Labcorp Holdings Inc,,"Labcorp Holdings, Inc",504922105,40806,NS,,USD,10711983.06,,0.041213175801,Long,EC,,CORP,,US,N,1,
0001752724-25-204872,152729775,Charter Communications Inc,0J0XRGZE3PBRFEZ7MV65,"Charter Communications, Inc",16119P108,47228,NS,,USD,19307278.68,,0.074282629651,Long,EC,,CORP,,US,N,1,
0001752724-25-204872,152729636,ResMed Inc,529900T3QE5253CCXF22,"Resmed, Inc",761152107,74784,NS,,USD,19294272,,0.074232587881,Long,EC,,CORP,,US,N,1,
0001752724-25-204872,152729815,Lam Research Corp,549300I4GMO6D34U1T02,Lam Research Corp,512807306,630595,NS,,USD,61382117.3,,0.236160940243,Long,EC,,CORP,,US,N,1,
0001752724-25-204872,152729479,Microchip Technology Inc,5493007PTFULNYZJ1R12,"Microchip Technology, Inc",595017104,273864,NS,,USD,19271809.68,,0.074146166577,Long,EC,,CORP,,US,N,1,
0001752724-25-204872,152729505,Incyte Corp,549300Z4WN6JVZ3T4680,Incyte Corp,45337C102,78591,NS,,USD,5352047.1,,0.02059141214,Long,EC,,CORP,,US,N,1,
0001752724-25-204872,152729570,VICI Properties Inc,254900RKH6RY9KCJQH63,"VICI Properties, Inc",925652109,517859,NS,,USD,16882203.4,,0.064952419429,Long,EC,,CORP,,US,N,1,
0001752724-25-204872,152729552,American Tower Corp,5493006ORUSIL88JOE18,American Tower Corp,03027X100,228635,NS,,USD,50532907.7,,0.194419800433,Long,EC,,CORP,,US,N,1,
0001752724-25-204872,152729445,Textron Inc,3PPKBHUG1HD6BO7RNR87,"Textron, Inc",883203101,89330,NS,,USD,7172305.7,,0.027594656755,Long,EC,,CORP,,US,N,1,
0001752724-25-204872,152729473,United Rentals Inc,5323X5O7RN0NKFCDRY08,"United Rentals, Inc",911363109,31954,NS,,USD,24074143.6,,0.092622617762,Long,EC,,CORP,,US,N,1,
0001752724-25-204872,152729612,Mettler-Toledo International Inc,5493000BD5GJNUDIUG10,"Mettler-Toledo International, Inc",592688105,10234,NS,,USD,12022084.48,,0.046253646817,Long,EC,,CORP,,US,N,1,
0001752724-25-204872,152729829,ANSYS Inc,549300VJV8H15Z5FJ571,"Ansys, Inc",03662Q105,42788,NS,,USD,15028001.36,,0.057818581164,Long,EC,,CORP,,US,N,1,
0001752724-25-204872,152729624,TJX Cos Inc/The,V167QI9I69W364E2DY52,"TJX Cos, Inc",872540109,552239,NS,,USD,68195994.11,,0.262376581295,Long,EC,,CORP,,US,N,1,
0001752724-25-204872,152729818,Hormel Foods Corp,MSD54751OJP1FS2ND863,Hormel Foods Corp,440452100,142932,NS,,USD,4323693,,0.016634932927,Long,EC,,CORP,,US,N,1,
0001752724-25-204872,152729845,Corpay Inc,549300DG6RR0NQSFLN74,"Corpay, Inc",219948106,34109,NS,,USD,11318048.38,,0.043544945412,Long,EC,,CORP,,US,N,1,
0001752724-25-204872,152729587,CarMax Inc,,"Carmax, Inc",143130102,76140,NS,,USD,5117369.4,,0.019688515519,Long,EC,,CORP,,US,N,1,
0001752724-25-204872,152729804,Kraft Heinz Co/The,9845007488EC87F5AF14,Kraft Heinz Co,500754106,428539,NS,,USD,11064876.98,,0.042570896316,Long,EC,,CORP,,US,N,1,
0001752724-25-204872,152729703,Booking Holdings Inc,FXM8FAOHMYDIPD38UZ17,"Booking Holdings, Inc",09857L108,16027,NS,,USD,92784149.48,,0.356976802768,Long,EC,,CORP,,US,N,1,
0001752724-25-204872,152729468,STATE STR NAVIGATOR SECS L TR,,State Street Navigator Securities Lending Government Money Market Portfolio,857509301,20751128.62,NS,,USD,20751128.62,,0.079837683377,Long,STIV,,RF,,US,N,1,
0001752724-25-204872,152729482,Sysco Corp,5RGWIFLMGH3YS7KWI652,Sysco Corp,871829107,239370,NS,,USD,18129883.8,,0.069752732441,Long,EC,,CORP,,US,N,1,
0001752724-25-204872,152729539,American International Group Inc,ODVCVCQG2BP6VHV36M30,"American International Group, Inc",026874784,290302,NS,,USD,24846948.18,,0.095595898324,Long,EC,,CORP,,US,N,1,
0001752724-25-204872,152729597,FactSet Research Systems Inc,549300ZSJE7NBK6K9P30,"Factset Research Systems, Inc",303075105,18756,NS,,USD,8389183.68,,0.032276460847,Long,EC,,CORP,,US,N,1,
0001752724-25-204872,152729898,Ulta Beauty Inc,529900CIV6HN8M28YM82,"Ulta Beauty, Inc",90384S303,22689,NS,,USD,10614367.98,,0.040837612524,Long,EC,,CORP,,US,N,1,
0001752724-25-204872,152729981,Northern Trust Corp,549300GLF98S992BC502,Northern Trust Corp,665859104,95885,NS,,USD,12157259.15,,0.046773716481,Long,EC,,CORP,,US,N,1,
0001752724-25-204872,152729409,Blackrock Inc,529900VBK42Y5HHRMD23,"BlackRock, Inc",09290D101,71519,NS,,USD,75041310.75,,0.288713183633,Long,EC,,CORP,,US,N,1,
0001752724-25-204872,152729511,CenterPoint Energy Inc,21TPXMRRHFKOBHDC8J74,"Centerpoint Energy, Inc",15189T107,318878,NS,,USD,11715577.72,,0.045074395793,Long,EC,,CORP,,US,N,1,
0001752724-25-204872,152729554,WEC Energy Group Inc,549300IGLYTZUK3PVP70,"WEC Energy Group, Inc",92939U106,155435,NS,,USD,16196327,,0.062313585471,Long,EC,,CORP,,US,N,1,
0001752724-25-204872,152729783,Quanta Services Inc,SHVRXXEACT60MMH07S24,"Quanta Services, Inc",74762E102,72224,NS,,USD,27306449.92,,0.105058560562,Long,EC,,CORP,,US,N,1,
0001752724-25-204872,152729557,Howmet Aerospace Inc,549300HO5WFZUT5N2T22,"Howmet Aerospace, Inc",443201108,202465,NS,,USD,37684810.45,,0.144988160399,Long,EC,,CORP,,US,N,1,
0001752724-25-204872,152729922,Stryker Corp,5493002F0SC4JTBU5137,Stryker Corp,863667101,168705,NS,,USD,66744759.15,,0.256793114518,Long,EC,,CORP,,US,N,1,
0001752724-25-204872,152729487,Builders FirstSource Inc,549300W0SKP6L3H7DP63,"Builders FirstSource, Inc",12008R107,56308,NS,,USD,6570580.52,,0.025279585354,Long,EC,,CORP,,US,N,1,
0001752724-25-204872,152729497,Wells Fargo & Co,PBLD0EJDB5FWOLXP3B76,Wells Fargo & Co,949746101,1602801,NS,,USD,128416416.12,,0.494068026773,Long,EC,,CORP,,US,N,1,
0001752724-25-204872,152729863,Brown & Brown Inc,549300PC8KTJ71XKFY89,"Brown & Brown, Inc",115236101,138016,NS,,USD,15301833.92,,0.058872121799,Long,EC,,CORP,,US,N,1,
0001752724-25-204872,152729699,Tesla Inc,54930043XZGB27CTOV49,"Tesla, Inc",88160R101,1380184,NS,,USD,438429249.44,,1.68680828118,Long,EC,,CORP,,US,N,1,
0001752724-25-204872,152729766,Copart Inc,549300KVYX3JWMYEHU61,"Copart, Inc",217204106,430732,NS,,USD,21136019.24,,0.081318507674,Long,EC,,CORP,,US,N,1,
0001752724-25-204872,152729774,Corteva Inc,549300WZN9I2QKLS0O94,"Corteva, Inc",22052L104,335430,NS,,USD,24999597.9,,0.096183201321,Long,EC,,CORP,,US,N,1,
0001752724-25-204872,152729458,Paycom Software Inc,254900LSB0HNJUDC6Q18,"Paycom Software, Inc",70432V102,23040,NS,,USD,5331456,,0.020512190149,Long,EC,,CORP,,US,N,1,
0001752724-25-204872,152729522,Autodesk Inc,FRKKVKAIQEF3FCSTPG55,"Autodesk, Inc",052769106,105619,NS,,USD,32696473.83,,0.125796084299,Long,EC,,CORP,,US,N,1,
0001752724-25-204872,152729707,Rockwell Automation Inc,VH3R4HHBHH12O0EXZJ88,"Rockwell Automation, Inc",773903109,55324,NS,,USD,18376973.08,,0.07070338125,Long,EC,,CORP,,US,N,1,
0001752724-25-204872,152729933,Morgan Stanley,IGJSJL3JD5P30I6NJZ34,Morgan Stanley,617446448,607866,NS,,USD,85624004.76,,0.329428934044,Long,EC,,CORP,,US,N,1,
0001752724-25-204872,152729639,AstraZeneca PLC,PY6ZZQWO2IZFZC3IOL08,AstraZeneca plc,451CVR021,7208,NC,,USD,2234.48,,8.596915e-06,Long,EC,,CORP,,US,N,3,
0001752724-25-204872,152729816,Dollar Tree Inc,549300PMSTQITB1WHR43,"Dollar Tree, Inc",256746108,98901,NS,,USD,9795155.04,,0.037685780905,Long,EC,,CORP,,US,N,1,
0001752724-25-204872,152729902,Caterpillar Inc,WRJR7GS4GTRECRRTVX92,"Caterpillar, Inc",149123101,231661,NS,,USD,89933116.81,,0.346007768371,Long,EC,,CORP,,US,N,1,
0001752724-25-204872,152729520,Chinook Therapeutics Inc,549300X0O3003W5QYQ48,"Chinook Therapeutics, Inc",,7917,NC,,USD,79.17,,3.04597e-07,Long,EC,,CORP,,US,N,3,
0001752724-25-204872,152729526,General Electric Co,3C7474T6CDKPR9K6YT90,General Electric Co,369604301,527251,NS,,USD,135709134.89,,0.522125959562,Long,EC,,CORP,,US,N,1,
0001752724-25-204872,152729781,Airbnb Inc,549300HMUDNO0RY56D37,"Airbnb, Inc",009066101,212650,NS,,USD,28142101,,0.108273636116,Long,EC,,CORP,,US,N,1,
0001752724-25-204872,152729843,United States Treasury Bill,254900HROIFWPRGM1V77,United States Treasury Bill,912797PZ4,775000,PA,,USD,774375.37,,0.002979324003,Long,STIV,,UST,,US,N,2,
0001752724-25-204872,152729583,Coterra Energy Inc,FCNMH6O7VWU7LHXMK351,Cabot Oil & Gas Corp,127097103,361774,NS,,USD,9181824.12,,0.035326057697,Long,EC,,CORP,,US,N,1,
0001752724-25-204872,152729668,AMETEK Inc,549300WZDEF9KKE40E98,"Ametek, Inc",031100100,113629,NS,,USD,20562303.84,,0.079111200819,Long,EC,,CORP,,US,N,1,
0001752724-25-204872,152729650,Roper Technologies Inc,54930003T4SXCIWVXY35,"Roper Industries, Inc",776696106,53780,NS,,USD,30484655.2,,0.117286355565,Long,EC,,CORP,,US,N,1,
0001752724-25-204872,152729731,Palo Alto Networks Inc,549300QXR2YVZV231H43,"Palo Alto Networks, Inc",697435105,325256,NS,,USD,66560387.84,,0.256083766196,Long,EC,,CORP,,US,N,1,
0001752724-25-204872,152729924,Charles Schwab Corp/The,549300VSGCJ7E698NM85,Charles Schwab Corp,808513105,837141,NS,,USD,76380744.84,,0.293866508868,Long,EC,,CORP,,US,N,1,
0001752724-25-204872,152729536,Insulet Corp,549300TZTYD2PYN92D43,Insulet Corp,45784P101,34321,NS,,USD,10782971.78,,0.041486297087,Long,EC,,CORP,,US,N,1,
0001752724-25-204872,152729548,CME E-Mini Standard & Poor's 500 Index Future,,CME E-Mini Standard & Poor's 500 Index Future,,400,NC,,USD,125075000,,0.481212296027,,DE,,OTHER,CME INDEX FUTURE,US,N,1,FUT
0001752724-25-204872,152729836,Huntington Ingalls Industries Inc,5TZLZ6WJTBVJ0QWBG121,"Huntington Ingalls Industries, Inc",446413106,19269,NS,,USD,4652692.74,,0.017900723215,Long,EC,,CORP,,US,N,1,
0001752724-25-204872,152729414,Fidelity National Information Services Inc,6WQI0GK1PRFVBA061U48,"Fidelity National Information Services, Inc",31620M106,259169,NS,,USD,21098948.29,,0.081175881274,Long,EC,,CORP,,US,N,1,
0001752724-25-204872,152729417,Royal Caribbean Cruises Ltd,K2NEH8QNVW44JIWK7Z55,Royal Caribbean Cruises Ltd,V7780T103,121146,NS,,USD,37935658.44,,0.145953270431,Long,EC,,CORP,,US,N,1,
0001752724-25-204872,152729573,Marriott International Inc/MD,225YDZ14ZO8E1TXUSU86,"Marriott International, Inc (Class A)",571903202,111962,NS,,USD,30589138.02,,0.117688341715,Long,EC,,CORP,,US,N,1,
0001752724-25-204872,152729577,Ford Motor Co,20S05OYHG0MQM4VUIC57,Ford Motor Co,345370860,1904579,NS,,USD,20664682.15,,0.079505090098,Long,EC,,CORP,,US,N,1,
